,Country Name,Country Code,Indicator Name,1996,1997,1998,1999,2000,2001,2002,2003,2004,2005,2006,2007,2008,2009,2010,2011,2012,2013,2014,2015,2016,2017,2018
0,Aruba,ABW,GDP growth (annual %),1.185789988,7.046872207000001,1.9919883619999998,1.238039283,7.616589704,-2.971256987,-3.273646887,1.975547287,7.911564672000001,1.214348832,1.050606636,1.800225854,-0.090707754,-10.51974761,-3.685029581,3.44605475,-1.369863014,4.198232323,0.84822781,-0.45058576100000003,-0.21122510600000002,1.330511037,
1,Afghanistan,AFG,GDP growth (annual %),,,,,,,,8.832277804,1.41411798,11.22971484,5.357403248,13.82631954,3.9249838230000003,21.39052841,14.36244146,0.42635479299999995,12.75228708,5.600744661,2.724543365,1.451314655,2.260314205,2.665292046,1.030660058
2,Angola,AGO,GDP growth (annual %),13.54436976,7.274277355,4.691146451,2.181489718,3.054624234,4.205998556,13.66568652,2.98985001,10.95286177,15.02891532,11.54768318,14.01001824,11.16613833,0.858712615,4.859219584,3.4719813719999997,8.542147337000001,4.954590478,4.822625549,0.9435756129999999,-2.58009724,-0.147207426,-2.133493257
3,Albania,ALB,GDP growth (annual %),9.099999444,-10.91998409,8.830087708999999,12.88989673,6.950036133999999,8.290070027,4.53996064,5.530050778,5.509998692999999,5.529914809,5.9000839570000005,5.979982036,7.49996956,3.3500673930000002,3.706891433,2.5453226509999998,1.417524408,1.0019887090000001,1.7744867709999999,2.21875146,3.314804753,3.821081417,4.145237936
4,Andorra,AND,GDP growth (annual %),4.649740148999999,9.067672199,3.1947902960000003,4.099080837,3.528361297,4.54676832,6.471014671,12.16871989,7.64786979,7.396982715,4.536353119,0.040011067000000004,-8.590003787,-3.69065351,-5.358825775,-4.646543052,-1.615218183,0.35164500200000004,2.277683153,0.8422035179999999,1.8891243869999998,1.7240222369999998,1.629345471
5,Arab World,ARB,GDP growth (annual %),4.5940037380000005,4.2563579680000005,5.266023072,1.7955129619999999,5.478092364,1.584423608,0.583764727,5.322962924,9.310814055,5.7482288310000005,6.497500807000001,4.574124951,5.822453362999999,0.426422635,4.768836619,3.62959887,6.658109668,3.1685569160000004,2.439528417,3.306346262,3.372624384,0.832435499,2.0459756540000003
6,United Arab Emirates,ARE,GDP growth (annual %),5.798404061,8.190398641,0.291994349,2.902213645,10.85270421,1.39908503,2.43345681,8.800540815,9.566436637,4.855141196,9.837319772999999,3.184390174,3.191836276,-5.2429219069999995,1.602809961,6.930271629,4.484626085,5.053345825,4.284303689,5.1059369839999995,3.060964305,0.49086076100000003,1.726349343
7,Argentina,ARG,GDP growth (annual %),5.526689827,8.111046771,3.850178852,-3.3854570410000004,-0.7889989390000001,-4.408839683,-10.89448483,8.837040796,9.029573301000001,8.85165992,8.0471515,9.007650875,4.057233103,-5.918525076,10.12539816,6.003951692999999,-1.0264204540000001,2.405323781,-2.5126153209999997,2.731159828,-2.080327844,2.668590379,-2.481792445
8,Armenia,ARM,GDP growth (annual %),5.865400751,3.321079698,7.299999989,3.300000002,5.900000001,9.5566415,13.18630053,14.04079506,10.46784186,13.86571125,13.19800352,13.74920196,6.9000000020000005,-14.14998864,2.199999998,4.699999999,7.200000004,3.3,3.600000001,3.1999999989999997,0.2,7.500000002,5.2
9,American Samoa,ASM,GDP growth (annual %),,,,,,,,0.8141112620000001,0.538358008,-0.401606426,-4.166666667,1.9635343619999999,-2.613480055,-4.237288136,0.442477876,0.293685756,-4.39238653,-2.756508423,0.94488189,1.4040561619999998,-2.769230769,-5.85443038,2.18487395
10,Antigua and Barbuda,ATG,GDP growth (annual %),6.604818087999999,5.4711319320000005,4.7313137119999995,3.707894618,6.691742382,-4.9540747110000005,1.024100862,6.05790855,5.736460188,6.412405164,12.72850745,9.25942056,-0.030133267999999998,-12.10753619,-7.574357217999999,-1.958612628,3.3728662000000003,-0.6008763970000001,3.795727613,3.8252930989999996,5.497788456,3.145543603,7.389197162
11,Australia,AUS,GDP growth (annual %),3.878618462,3.966496644,4.5766937830000005,5.0735852580000005,3.9330970260000004,1.9308825440000001,4.001377032,2.985940486,4.055551874,3.2041601219999998,2.794583316,3.844309553,3.657912651,1.93692177,2.067465677,2.462786173,3.918161772,2.584875111,2.5331154469999997,2.192640028,2.7706566930000003,2.367617253,2.940333582
12,Austria,AUT,GDP growth (annual %),2.349533852,2.09359939,3.581425815,3.5563312469999997,3.375722147,1.2671681890000002,1.651553922,0.941470921,2.735120222,2.244065325,3.454041836,3.727415301,1.460423676,-3.7645781780000003,1.837093677,2.9227972839999996,0.6804455770000001,0.025504712000000002,0.6612728489999999,1.014501586,2.082608428,2.476443921,2.419763638
13,Azerbaijan,AZE,GDP growth (annual %),1.299999465,5.800000012000001,10.00000117,7.399999587000001,11.0999995,9.90000013,9.438916342,10.20830001,9.253801326,27.96153807,34.46620936,25.46321591,10.59143729,9.369502784,4.78883271,-1.5729976209999998,2.2029390230000003,5.84267327,2.7972893819999998,1.050750982,-3.064200035,-0.282011197,1.412873527
14,Burundi,BDI,GDP growth (annual %),-7.999999998,-1.5899999969999998,4.749999995,-1.009999996,-0.856864058,2.055807108,4.446519412,-1.22372796,4.833657768,0.900000001,5.413807145,3.45195249,4.861712995,3.812746937,5.1241633030000004,4.032602496,4.446708222,4.924195261,4.240651644,-3.9000030860000003,-0.600020001,0.500009999,1.609933082
15,Belgium,BEL,GDP growth (annual %),1.321478488,3.793644861,1.961840751,3.542734277,3.7166771130000003,1.09961616,1.7068891590000002,1.037953053,3.5711928910000004,2.32173738,2.552353767,3.676918241,0.446916545,-2.020725816,2.8642853269999997,1.694497446,0.739229905,0.45922805,1.57852323,2.032788973,1.511106034,1.964192755,1.458405353
16,Benin,BEN,GDP growth (annual %),4.324284031,5.734688377,3.961012138,5.341449372,5.8599921010000005,5.3304108569999995,4.6444700260000005,3.444044849,4.429629024,1.7115776280000001,3.9470137469999997,5.986515522,4.889898637,2.32930121,2.110199297,2.9627503510000004,4.816478241,7.189716312000001,6.351831941,2.095808383,3.96485991,5.837823305,6.858002271
17,Burkina Faso,BFA,GDP growth (annual %),11.01474387,6.316834735,7.307719633,7.404178966,1.8202418930000002,6.613399555,4.353004323,7.802439897999999,4.478474349,8.661861605,6.253158603999999,5.655005117999999,7.29449815,2.9620143710000004,5.373373126000001,6.626865192,6.452698755,5.792589317000001,4.326837357,3.8945480569999997,5.906024993,6.34991812,6.8323881029999995
18,Bangladesh,BGD,GDP growth (annual %),4.522919218,4.489896497,5.177026873,4.670156368,5.293294718,5.077287776,3.83312394,4.739567398999999,5.23953291,6.535944941,6.671904981,7.058599357,6.013789759,5.0451247939999995,5.5718022739999995,6.46438388,6.521435078,6.013610365,6.061059359,6.552652796,7.113489474,7.284184092,7.863708892999999
19,Bulgaria,BGR,GDP growth (annual %),0.704680678,-1.0888202470000001,6.348979029,-8.408134388999999,4.765771064,3.770217793,5.937516400000001,5.156218443,6.435358322999999,7.123511076000001,6.874358378999999,7.344421908999999,6.021883402,-3.586145625,1.324087801,1.914905853,0.030969869,0.493921421,1.8375211480000002,3.471186041,3.9367581489999997,3.811248158,3.081157234
20,Bahrain,BHR,GDP growth (annual %),4.110006115,3.0929997869999997,4.790002789,4.29999896,5.300070056,2.490948108,3.348550668,6.296441979,6.980960594,6.768997871,6.467000122000001,8.293960448,6.241836482,2.540515119,4.336776264,1.9835150119999998,3.7282098510000004,5.416834514,4.350294067,2.8630473039999997,3.473516575,3.803522262,1.7767283580000002
21,"Bahamas, The",BHS,GDP growth (annual %),4.223530425,2.062239634,4.716482216,7.144114758,4.149243017,2.625684058,2.704561615,-1.264720771,0.88283993,3.395355597,2.516849119,1.446544635,-2.323966973,-4.175260401,1.538777407,0.612897452,3.0868791769999997,-2.952095607,0.736540805,0.5975763000000001,0.446254968,0.066664463,1.5657599359999999
22,Bosnia and Herzegovina,BIH,GDP growth (annual %),88.95766479999999,34.38957459,15.59999636,9.599999795,5.5000004360000005,4.3999995069999995,5.300000267,4.000000065,6.09996678,8.7592567,5.417269684,5.855584939,5.426726599999999,-3.0027525369999997,0.7672487020000001,0.908249218,-0.699622321,2.351036504,1.148034196,3.088222848,3.1456513289999997,2.1276457890000002,3.62354616
23,Belarus,BLR,GDP growth (annual %),2.800004651,11.40000541,8.39999142,3.399999163,5.80000344,4.725305994,5.04526748,7.0431925589999995,11.44974311,9.400001524,9.999994812,8.600006536,10.19999944,0.19999531,7.798266823,5.37870745,1.687135536,1.003470841,1.726384854,-3.829570558,-2.526446436,2.5321835,3.04990555
24,Belize,BLZ,GDP growth (annual %),1.428210257,3.5446711489999996,3.7406465439999996,8.778999567,13.01957737,5.0155848810000005,5.119885055,9.327951335,4.648087296,2.578008809,4.58160037,1.105586127,3.2288556689999997,0.670801477,3.3834717060000004,2.162606822,2.937812628,0.851934628,3.692371465,3.4319504839999997,-0.58802365,1.437288946,3.035403657
25,Bermuda,BMU,GDP growth (annual %),2.600476046,4.6,3.9,3.3826487139999997,9.317155577000001,7.222436009,-1.477790375,3.410706204,2.321266476,1.6742071490000001,5.543865928,2.845890114,1.52789391,-5.284177149,-2.094113534,-3.33949441,-4.834540171,-2.511154431,,,,,
26,Bolivia,BOL,GDP growth (annual %),4.361343058,4.954208743,5.029352337,0.426889577,2.507807553,1.6838009390000002,2.485564847,2.7113407069999997,4.173294318,4.421434767,4.797009171,4.564382752,6.148497195,3.3570012589999996,4.126719369,5.204095947,5.1222746610000005,6.796011706,5.460567154,4.857188015,4.2639195039999995,4.1952093669999995,4.223624932
27,Brazil,BRA,GDP growth (annual %),2.2075355269999997,3.394845985,0.338097903,0.46793756700000005,4.387949443,1.389896403,3.053461858,1.140828998,5.759964639,3.20213138,3.961988722,6.069870608,5.094195447,-0.125811999,7.52822583,3.9744254060000004,1.921150318,3.004865355,0.50396179,-3.545871574,-3.305358252,1.063832555,1.11758735
28,Barbados,BRB,GDP growth (annual %),3.976477177,4.740102343,3.728464901,0.334655429,4.447189623,-2.365464222,0.787401575,2.175480769,1.411598635,3.955457604,5.668377594,1.8585005280000002,0.9122952520000001,-4.859256215,-2.170391966,-0.794701987,-0.066755674,-1.369405478,-0.16931933600000001,2.204884668,2.279013165,-0.173066522,-0.498428866
29,Brunei Darussalam,BRN,GDP growth (annual %),2.878317747,-1.4711715719999998,-0.558508851,3.052157142,2.849421858,2.7440405180000003,3.872096967,2.903955477,0.504318253,0.387507208,4.3977196780000005,0.15458181199999999,-1.939714638,-1.7645355409999999,2.5989657459999997,3.745318352,0.9128416709999999,-2.126028517,-2.34974675,-0.566814609,-2.465514923,1.328602552,0.052237791
30,Bhutan,BTN,GDP growth (annual %),5.565172862000001,5.3738385189999995,5.914030835,7.983972022000001,6.93302424,8.203773861,10.72784061,7.664334042,5.896408192000001,7.12255965,6.849365932,17.92582494,4.7683542260000005,6.657223796,11.73085436,7.890913893,5.071709815,2.142496554,5.7454551679999994,6.644564258,8.022101221,4.629101391,2.290648193
31,Botswana,BWA,GDP growth (annual %),5.829800078,8.325890897999999,0.44366348,9.667240742,1.987695854,0.250573867,6.069530867999999,4.6258947919999995,2.705821737,4.556645657,8.363871069,8.276763792999999,6.245437363,-7.652310203,8.563631747999999,6.048316367000001,4.4561672130000005,11.34342425,4.149289893,-1.6979656159999998,4.3037374569999995,2.907531122,4.453584566
32,Central African Republic,CAF,GDP growth (annual %),-4.000092963999999,5.299936018,4.700142379,3.5999749039999998,-2.48943244,4.464739026,3.616542192,-5.397485219,5.994884227999999,0.908210515,4.77108543,4.607534855,2.054130962,8.587260426,4.630818432,4.194615337,5.053761253999999,-36.3919771,0.081070515,4.33712103,4.750316841,4.527278213,3.789443593
33,Canada,CAN,GDP growth (annual %),1.619172466,4.2800400839999995,2.796542454,3.970482652,4.917762714,1.4055275969999999,3.42214615,3.8110902010000003,3.91402875,4.9958609019999995,4.165817612,6.868608857999999,1.007622675,-2.9284001789999996,3.0894946410000004,3.146881364,1.762278244,2.330174773,2.868453971,0.689906522,1.107099385,2.9785659539999996,1.8969747559999999
34,Central Europe and the Baltics,CEB,GDP growth (annual %),4.327205371,3.051640354,2.767911745,1.979159501,4.022310318,3.019918363,3.539093523,4.091783749,5.8166933929999995,4.972913874,6.589856804,6.419462418999999,3.91383746,-3.45012363,1.59599612,3.230668304,0.761745531,1.259778578,3.0411858389999997,3.9082877939999996,3.050636943,4.79903515,4.305527225
35,Switzerland,CHE,GDP growth (annual %),0.5399196510000001,2.340171266,2.989884446,1.694749523,3.936932161,1.3122698320000001,0.16261331699999998,0.039569003,2.776296688,3.115201917,3.988722816,4.111767748,2.154744118,-2.2221119369999998,3.002798245,1.69275218,1.006077812,1.852035453,2.449179525,1.333388501,1.7226491080000002,1.799476694,2.750516981
36,Channel Islands,CHI,GDP growth (annual %),,,,3.770263675,5.826641469,-1.51296126,-1.632206598,-3.202156942,0.22419739600000002,1.377734157,4.882299364,5.898329661,,,,,,,,,,,
37,Chile,CHL,GDP growth (annual %),6.802916596,7.427889808,4.324579497,-0.412096167,5.326938419,3.303047313,3.106970532,4.091047685,7.2095397089999995,5.742830489,6.317176343,4.905324504,3.5295305530000003,-1.5642394430000002,5.844177296,6.110918829,5.3186279999999995,4.045004298,1.766739784,2.303767036,1.670540173,1.279183341,4.024652965
38,China,CHN,GDP growth (annual %),9.928372462999999,9.230769231,7.837613919,7.667486171,8.491508492000001,8.33991055,9.130645945,10.03560303,10.11122346,11.39577594,12.71947902,14.23138804,9.654289373,9.399813171,10.63614046,9.55091409,7.859627493,7.768615284,7.299518921000001,6.90531667,6.736675253,6.757007611000001,6.56697386
39,Cote d'Ivoire,CIV,GDP growth (annual %),7.729327422000001,3.743553144,4.930679628,1.6175274430000002,-2.068400057,0.121371915,-1.6676421380000002,-1.359535943,1.23177284,1.721247367,1.515842364,1.765036784,2.542841476,3.2514537189999997,2.017638592,-4.387254788,10.7065041,8.889421302,8.79407739,8.84285995,7.9717511860000005,7.702089422,7.433071625
40,Cameroon,CMR,GDP growth (annual %),4.3610865180000005,5.231320708999999,4.502291241,4.292016945,3.5533743639999997,4.368084242,4.237203677,4.567195256000001,6.780955924,2.020662307,3.4576687930000003,4.902201732,3.4888009189999996,2.198664102,3.422507641,4.129277161,4.543265016,5.40426571,5.884059327,5.651463744,4.648481551000001,3.549087318,4.062405319
41,"Congo, Dem. Rep.",COD,GDP growth (annual %),-1.023172642,-5.617046599,-1.624154045,-4.270140831,-6.9109273170000005,-2.100173025,2.9477651839999996,5.577822311,6.738373932999999,6.135151155,5.320979565,6.259477764,6.225894268999999,2.85506401,7.107976576,6.87467089,7.086898947000001,8.481956636,9.470288097000001,6.91618781,2.3993790980000003,3.7269476530000003,5.757932737999999
42,"Congo, Rep.",COG,GDP growth (annual %),4.2904815560000005,-0.62481215,3.73755277,-2.582199357,7.575980392000001,3.8026019,4.581870061,0.813264075,3.4766316230000003,7.755758977999999,6.2359970129999995,-1.58222275,5.572233235,7.468942483999999,8.751601459,3.4206656810000005,3.799971313,3.4407052489999996,6.779916158,2.646485877,-2.800018788,-3.1,1.025554207
43,Colombia,COL,GDP growth (annual %),2.055854712,3.430293678,0.56978409,-4.204015244,2.924861483,1.677898308,2.503980466,3.9182719039999996,5.333022067,4.706556009,6.7794053420000004,6.848654785,3.257048465,1.205422095,4.347553268,7.362530914,3.903054219,4.5668697730000005,4.728312246000001,2.955945907,2.087382502,1.351326676,2.569220988
44,Comoros,COM,GDP growth (annual %),-1.291688926,4.0301536680000005,1.282515793,1.924408712,10.84787862,2.332907102,2.324944861,2.103871636,1.919659807,2.83754787,2.646955476,0.800042349,3.9999719910000002,3.200113112,3.799933455,4.099846955,3.200272903,4.499874215,2.1000064380000003,1.116140583,3.320680025,3.815702113,3.430764136
45,Cabo Verde,CPV,GDP growth (annual %),11.34652473,11.11842604,12.51728567,11.22264853,14.28486883,2.231654493,5.250891246,4.176259302,10.19707261,6.912457988,7.983750447,15.17068797,6.650520523,-1.270425968,1.4667900969999998,3.968886345,1.0819182790000001,0.802797601,0.611212666,1.006863707,4.705791509,3.702039188,5.077550829
46,Costa Rica,CRI,GDP growth (annual %),1.237816358,5.564945547000001,6.961700255,3.943353587,3.8331666610000004,3.4904695219999997,3.291753162,4.25547684,4.336574811,3.8708733260000003,7.237732745,8.16789615,4.649598233,-0.970548313,4.951863844,4.30710166,4.796919919,2.2690273999999997,3.515338564,3.631731442,4.2459898780000005,3.397181701,2.633984968
47,Caribbean small states,CSS,GDP growth (annual %),3.369413694,3.053873569,2.9987219769999998,4.0883867,3.817743992,2.018975522,3.650349788,5.7446785920000005,3.964389755,3.718199634,6.80767702,3.235471286,1.294787232,-3.62792622,1.250290775,1.01790352,1.270686755,0.778487477,0.49330215,1.180209608,-1.6514550469999998,-0.193581552,1.261314459
48,Cuba,CUB,GDP growth (annual %),7.838749658999999,2.7834250419999997,0.15914605199999998,6.188755304,5.9147601739999995,3.185029904,1.424821261,3.792740223,5.77053807,11.20165642,12.06586311,7.262136966,4.116828042,1.451305431,2.3903522969999997,2.802300836,3.014900289,2.747602563,1.047576632,4.438141959,0.513761468,1.809054399,2.248480393
49,Curacao,CUW,GDP growth (annual %),,,,,,-0.695752956,0.397065105,0.288184819,0.208461863,0.676426257,1.63593427,2.469962305,2.188044622,-0.53130945,0.08230596,0.612608577,-0.138917069,-0.7941067690000001,-1.1388386209999999,0.27869493100000003,-0.986569701,-1.73976542,-2.166132047
50,Cayman Islands,CYM,GDP growth (annual %),,,,3.3999976210000002,0.9999979440000001,0.600000237,1.7000017669999998,1.999999466,0.9000021770000001,6.499997678,4.599999989,3.162625227,-0.357401201,-7.200482447000001,-2.7156352619999997,1.169062198,1.229753657,1.27933102,2.654527985,2.8331222260000004,3.096282182,3.039349203,
51,Cyprus,CYP,GDP growth (annual %),1.2485815759999999,2.64089464,6.110846746,4.997960422,5.965310315,3.9525605410000004,3.722956499,2.623286123,5.026343926,4.853003838,4.713828666,5.098068453,3.6468119910000003,-2.0152623590000003,2.014695707,0.401437941,-3.446822086,-6.553078255,-1.8637398180000002,3.374687062,6.746583679,4.361228837,4.060191762
52,Czech Republic,CZE,GDP growth (annual %),4.22281457,-0.594659087,-0.32871551600000004,1.4328394780000002,4.266741359,2.908764881,1.6524940540000002,3.60298946,4.906563763,6.533468805,6.853522334,5.602643683999999,2.682282726,-4.802572092,2.2734200540000002,1.7778331859999998,-0.7998442809999999,-0.48367104200000005,2.715116133,5.309238518,2.450542386,4.35260352,2.9577844730000002
53,Germany,DEU,GDP growth (annual %),0.8209538259999999,1.783637238,2.019047489,1.8919590080000002,2.895186947,1.697732361,-0.19845906300000002,-0.713533477,1.1899149,0.721853765,3.814587905,2.984077273,0.962266442,-5.697151627999999,4.178969038,3.9241334180000003,0.41955108,0.428243262,2.225688749,1.7397498230000001,2.229999967,2.4650300290000002,1.527446298
54,Djibouti,DJI,GDP growth (annual %),,,,,,,,,,,,,,,,,,,7.061543242000001,7.675070086,6.918584624,5.076899643,5.460190759
55,Dominica,DMA,GDP growth (annual %),3.104923915,2.1852996730000003,3.773847243,0.35478028799999994,2.3395074069999997,-0.06280226,-2.8288785310000004,6.353391594,3.050694695,0.65623311,4.658759483,6.353759422,7.120741901000001,-1.169757154,0.672542759,-0.22367684,-1.058786064,-0.9997810979999999,4.447947365,-2.691108924,2.5564949130000003,-6.79942797,2.2645702340000002
56,Denmark,DNK,GDP growth (annual %),2.900099729,3.2608901969999997,2.218158699,2.9480221739999997,3.746862614,0.823153021,0.46634554899999997,0.390058529,2.6682192909999998,2.336641325,3.913007941,0.9092389590000001,-0.512016735,-4.906547729,1.87099111,1.3367777779999999,0.226499797,0.9333409570000001,1.619393817,2.34259043,3.2459576660000002,2.0361652059999997,2.391329685
57,Dominican Republic,DOM,GDP growth (annual %),5.977825114,8.885269066000001,6.714477712000001,5.940049136,4.66176228,2.459516368,4.495103403,-1.345706185,2.570134279,9.428236947,9.174355406,7.415951712000001,3.2095042639999996,0.94615517,8.339651056000001,3.133423005,2.7173679,4.875205089,7.05046369,6.9270187739999995,6.659200262000001,4.666704676,6.982527584
58,Algeria,DZA,GDP growth (annual %),4.09999847,1.099999938,5.100003611,3.200001551,3.8,3.0,5.6,7.2,4.3,5.9,1.7,3.4,2.4,1.6,3.6,2.9,3.4,2.8,3.8,3.7,3.2,1.3,1.4
59,East Asia & Pacific (excluding high income),EAP,GDP growth (annual %),8.940184338,7.028854466,1.746975622,6.110573873,7.504498541,6.706564926,7.85479335,8.722276875,8.935501182000001,9.71506314,10.77973578,12.15342153,8.432427757000001,7.694499905,9.776616957,8.468349516,7.5086848879999994,7.201030922999999,6.759310644,6.509981299,6.375060811,6.471301191,6.294999734
60,Early-demographic dividend,EAR,GDP growth (annual %),5.512128437,4.734676974,1.967528247,1.563867469,4.468367748,0.993640509,1.58828085,4.795673755,6.71262236,6.11778443,6.163818217999999,5.867152214,3.4610729630000003,0.631662327,6.168476833,4.9668154719999995,4.2355381560000005,4.298651873,4.006131588,4.195225463,3.961125905,4.095201822,3.5174985989999996
61,East Asia & Pacific,EAS,GDP growth (annual %),5.087780588,3.456752313,-0.102502121,2.992739677,4.885568322,2.665622489,3.593835147,4.256367676,5.166698806,5.044896402,5.543898306,6.460221323,3.52452374,1.3758175959999999,7.051549004,4.6112577219999995,4.689786496,4.75565239,4.141683305,4.141112985,4.057325585,4.5919224960000005,4.197954189
62,Europe & Central Asia (excluding high income),ECA,GDP growth (annual %),-0.029179432999999998,2.7001070819999997,-1.658750835,2.06069086,8.001214221,2.61064537,5.477475932999999,6.638227037,8.393881845,7.2625010770000005,8.163651446,7.692924705,4.423591912,-5.9208610660000005,5.074638427,6.039694256000001,3.700003282,4.038719523,2.240814378,0.836003816,1.755043904,4.039172052,2.850265288
63,Europe & Central Asia,ECS,GDP growth (annual %),1.74982655,2.954106077,2.596061476,2.913937124,4.27910642,2.284506891,1.6927749069999998,1.8315138780000002,3.2495851210000004,2.777560167,3.9756943889999996,3.6790376910000004,1.03311593,-4.4370100489999995,2.62924107,2.39944435,0.293112991,0.901828663,1.831859075,2.047392529,1.94012948,2.758171485,2.1379927569999997
64,Ecuador,ECU,GDP growth (annual %),1.731747514,4.327864764,3.266529404,-4.739385791,1.091801564,4.0156298999999995,4.096776659,2.722877337,8.211020917,5.291308267,4.403526434,2.190063972,6.3571306,0.566491592,3.5252986689999997,7.868140919,5.641962067000001,4.946511267,3.7888685489999996,0.098872608,-1.226383985,2.368386526,1.37712703
65,"Egypt, Arab Rep.",EGY,GDP growth (annual %),4.98873057,5.49235474,5.575497461,6.053438783,6.370003833999999,3.535251969,2.3902040280000003,3.193454739,4.092071612,4.471744469,6.843838197,7.087827427000001,7.156283564,4.6735998,5.147234859,1.764571949,2.226199797,2.185466055,2.915911879,4.372019079,4.346643453,4.181221001,5.314121037
66,Euro area,EMU,GDP growth (annual %),1.703676297,2.7086236319999997,3.045270644,2.9756150860000004,3.862611317,2.211877599,0.9564010540000001,0.698719625,2.303659863,1.685575019,3.226905406,2.997519351,0.421095192,-4.501257151,2.133539103,1.686520553,-0.8921576290000001,-0.252894811,1.401016227,2.113835385,1.91021306,2.542169155,1.899849965
67,Eritrea,ERI,GDP growth (annual %),9.258838371,7.908684909,1.772582792,0.013480241,-3.1419857739999997,8.75543519,3.005429218,-2.655515842,1.451735534,2.57444953,-0.969216929,1.42682206,-9.783030037,3.87650156,2.194190545,8.679799936,,,,,,,
68,Spain,ESP,GDP growth (annual %),2.6605244530000003,3.702580285,4.393037351,4.490491316,5.24599468,3.932948843,2.731022232,2.9818948360000004,3.122795242,3.652032674,4.102727115,3.604687971,0.887145182,-3.763231927,0.163010231,-0.814373455,-2.9594413019999997,-1.435394259,1.383907943,3.83517266,3.03130133,2.891768107,2.351008131
69,Estonia,EST,GDP growth (annual %),4.935971647,13.04653488,4.330295783,-0.403435555,10.10652017,5.979602815,6.8023908539999995,7.566692025,6.767456671000001,9.490296798,9.718759243,7.57358092,-5.088942211,-14.43386864,2.706902753,7.441584819,3.110234555,1.346187836,2.9873258189999996,1.84488518,2.631567906,5.748802092000001,4.761158469
70,Ethiopia,ETH,GDP growth (annual %),12.42617378,3.1339068510000003,-3.4581391339999996,5.162145821,6.07321748,8.301306321,1.514725706,-2.161359722,13.57260314,11.81876595,10.83472707,11.456167,10.78852169,8.802553198,12.55053835,11.17829623,8.647811633,10.58227005,10.25749296,10.39246302,9.433482657999999,9.503858571,6.8101693910000005
71,European Union,EUU,GDP growth (annual %),1.9662892490000001,2.870503606,3.11061487,3.0286226139999997,3.839877932,2.300931241,1.294564036,1.266556132,2.5687716309999997,2.114781078,3.388603914,3.0489517360000002,0.515608296,-4.315447798,2.168118829,1.7911239769999998,-0.422809861,0.264743448,1.738959159,2.352837328,2.039217766,2.597720526,2.01485496
72,Fragile and conflict affected situations,FCS,GDP growth (annual %),7.1153042079999995,7.661766878,11.553114500000001,6.859982332,1.815608266,2.821283039,-0.6121978029999999,-4.736273185,14.02795576,6.621852624,6.860562509,5.437499978,5.517676194,4.626409775,6.594050772,-5.419554529,12.38056154,3.84411474,1.09020852,2.2306984930000002,5.8940447,2.7657883169999997,1.969292791
73,Finland,FIN,GDP growth (annual %),3.667308798,6.3342349460000005,5.456998782,4.379653894,5.773365752,2.6097474480000002,1.70710179,2.003701598,3.992337748,2.7796210869999998,4.0274507680000005,5.299005385,0.7840168009999999,-8.074615574,3.185911569,2.547530321,-1.39735454,-0.9020184940000001,-0.364940286,0.560595415,2.627998449,3.05128111,1.671438881
74,Fiji,FJI,GDP growth (annual %),4.80000043,-2.199999369,1.3000004520000001,8.799998719,-1.699998416,2.0000001469999997,3.1999991139999997,0.999999345,5.299999705,0.700000402,1.8524838719999999,-0.85065431,1.03279422,-1.3860377080000001,2.954672422,2.705143029,1.4113143819999998,4.73421949,5.603514887,4.663807838,2.5097854969999998,5.425740314,3.526209372
75,France,FRA,GDP growth (annual %),1.412993685,2.3362964980000003,3.588659438,3.4213738160000005,3.923669204,1.9837214019999998,1.135531488,0.823160778,2.8297529289999996,1.6632200000000001,2.449323601,2.424736238,0.25494594600000003,-2.873313852,1.949437633,2.192700652,0.31313474199999997,0.576326679,0.956183048,1.112912341,1.095464395,2.2602027209999997,1.7248806269999999
76,Faroe Islands,FRO,GDP growth (annual %),,,,,,,,,,,,,,,,,,,,,,,
77,"Micronesia, Fed. Sts.",FSM,GDP growth (annual %),-3.182365458,-6.060926628,2.8504903219999997,1.3744573409999998,4.833874077,2.167618934,0.547012574,1.572093821,-3.0801388210000002,2.041841687,-0.081029682,-1.8361750959999998,-2.408525619,1.093130091,2.259373637,3.188555315,-1.866790542,-3.6797865339999998,-2.305778627,4.621898281,0.900187187,2.6821788669999997,0.211658399
78,Gabon,GAB,GDP growth (annual %),3.62504902,5.738367395,3.4778335869999997,-8.932622802000001,-1.8829663980000002,2.1352334219999998,-0.249033169,2.247330012,0.6895430579999999,2.676203333,-2.806578356,6.008108025,-3.308430649,0.13033112,7.089887315,7.091753343,5.251076918,5.638699002999999,4.314964441,3.878899395,2.091442208,0.479762271,0.835804969
79,United Kingdom,GBR,GDP growth (annual %),2.491533163,3.854829952,3.644853405,3.42822335,3.437471622,2.97436368,2.324351102,3.286377571,2.373951441,3.179728924,2.788324559,2.430553212,-0.28115359,-4.247821747,1.949521482,1.5401473680000002,1.478923947,2.139485701,2.607475906,2.355524306,1.918155106,1.892077038,1.38567357
80,Georgia,GEO,GDP growth (annual %),11.20000261,10.51904074,3.104903235,2.869256695,1.838341768,4.8054520169999995,5.473837499,11.05872319,5.794496419,9.58957388,9.419770997,12.57895276,2.418572208,-3.6505139939999998,6.249487789,7.4,6.4,3.6,4.4,3.0,2.9,4.8,4.8
81,Ghana,GHA,GDP growth (annual %),4.60246109,4.1963574580000005,4.700390844,4.399996886,3.70000004,4.000000099,4.499999578,5.200000074,5.599999989,5.900003916,6.399912502,4.346819163999999,9.149798975,4.844486998,7.899711889,14.04712363,9.292789405,7.3125250070000005,2.8974388369999997,2.178206744,3.447792991,8.143446549,6.2634807320000006
82,Gibraltar,GIB,GDP growth (annual %),,,,,,,,,,,,,,,,,,,,,,,
83,Guinea,GIN,GDP growth (annual %),4.461575085,5.181603459,3.6441212419999998,3.812004035,2.503060561,3.658346471,5.164609466,1.24860126,2.340117313,2.997272562,1.180140446,6.827474427,4.133009508,-1.122641858,4.813362961,5.61210719,5.915288138999999,3.9456854310000002,3.696541182,3.8259223860000002,10.82062122,10.30000083,6.163853325
84,"Gambia, The",GMB,GDP growth (annual %),2.223545592,4.899999092,3.499998513,6.399999316000001,5.500000174,5.800000236,-3.250000307,6.869999803,7.049999934,-2.351729362,-0.555580977,3.043249508,6.255905534,6.665724308,5.90833581,-8.130444223,5.241569246,2.87276879,-1.407382495,4.058073804,1.943359655,4.8226112489999995,6.547026565
85,Guinea-Bissau,GNB,GDP growth (annual %),11.6,6.5,-28.09997973,1.025537409,5.426987367000001,2.188906815,-0.985177525,0.568510176,2.76140199,4.266098931,2.3093579980000003,3.2629554560000003,3.2035673069999997,3.368974958,4.6109709,8.084779734,-1.7126830119999998,3.255904265,0.9645607509999999,6.134082941,6.262805638,5.9191766260000005,3.799999992
86,Equatorial Guinea,GNQ,GDP growth (annual %),66.57999722,149.9729635,23.77448233,25.66401544,18.21377996,63.37987543,19.46283404,13.95525032,37.99872686,16.74870061,7.7049176070000005,15.28211392,17.79910913,1.343356288,-8.924175888999999,6.52392363,8.312871844,-4.133198501,0.41506630200000005,-9.110041149,-8.816417232000001,-4.685683868,-6.128749289
87,Greece,GRC,GDP growth (annual %),2.862128909,4.484199082,3.89490478,3.072596688,3.9197707580000003,4.131612081,3.922871813,5.7945312389999994,5.06099261,0.59914208,5.652433669,3.273746904,-0.33517257699999997,-4.300733661000001,-5.479037102,-9.13249413,-7.300493961,-3.241425056,0.7397771390000001,-0.437833938,-0.19095229600000002,1.505099339,1.934370827
88,Grenada,GRD,GDP growth (annual %),4.438234716,5.015494609,11.75350299,6.898362434,4.887952137,-2.023900041,3.43732353,9.463973431,-0.647450316,13.27306387,-3.992680103,6.123450947,0.947542625,-6.613281347999999,-0.511262754,0.7649768240000001,-1.155143735,2.3514187730000002,7.344076522000001,6.443143732999999,3.735614132,4.4590482410000005,4.17721519
89,Greenland,GRL,GDP growth (annual %),1.529637361,1.468926381,7.757981745,1.377884445,7.101596882000001,1.269035079,-0.9711773109999999,4.430045721,6.906582837,4.987491771,5.555694901,2.352437981,6.1661327020000005,0.8659523290000001,1.7358250590000002,-0.496519392,1.39419336,-1.298280693,4.742135673,-2.529318024,4.68195411,0.46854663799999996,3.218027331
90,Guatemala,GTM,GDP growth (annual %),2.9577798989999997,4.364089932,4.993527823,3.847062161,3.608868745,2.332574856,3.866625982,2.530791582,3.152081716,3.260112105,5.379776807000001,6.304053671,3.28107984,0.526042983,2.8694877560000003,4.16204894,2.969857401,3.697585601,4.174169137,4.140044358,3.092482558,2.7603348569999997,3.145043317
91,Guam,GUM,GDP growth (annual %),,,,,,,,0.920598389,6.431014823,3.5354617530000003,-3.8286423839999997,0.81773187,1.728922092,0.314729333,2.091612633,0.12292563,2.025782689,1.825110309,1.733307071,0.46466602100000004,0.289073039,0.24980784,-0.26835346
92,Guyana,GUY,GDP growth (annual %),7.955517536,6.180665622,-1.679104496,2.9601518089999996,-1.363803905,2.279521662,1.132626964,-0.632225403,1.563352113,-1.950957583,5.129609339,7.019640482000001,1.976647054,3.5521582639999996,4.13856435,5.196059258,5.276422643,5.017724952,3.898243206,3.05486454,3.3632161239999996,2.100003391,4.10000155
93,High income,HIC,GDP growth (annual %),2.961292813,3.3461107180000003,2.7244127760000003,3.260114423,4.030373026,1.5017823430000001,1.517729816,2.188216148,3.314556932,2.860421965,3.1316521510000004,2.789494414,0.38332700399999997,-3.319027588,2.9629679689999997,1.858678015,1.281768594,1.439831825,2.026101924,2.330355715,1.713476258,2.302777126,2.237871305
94,"Hong Kong SAR, China",HKG,GDP growth (annual %),4.258538965,5.099670713,-5.8827473889999995,2.506620705,7.663538687000001,0.560759859,1.6566443,3.056335246,8.700141788,7.3882428860000005,7.032564571,6.46472784,2.127908789,-2.459075001,6.76759015,4.814695863,1.700285359,3.101558647,2.762396425,2.387770814,2.176398369,3.84949281,3.0024755560000003
95,Honduras,HND,GDP growth (annual %),1.8707762940000001,4.598083062,3.5902330339999997,-0.735651085,7.291288159,2.723193273,3.754337861,4.5470380519999996,6.232302961,6.050599222000001,6.567243552000001,6.188327167000001,4.23160011,-2.43162788,3.731140344,3.8356906619999998,4.128687749,2.791559757,3.058080562,3.840079971,3.8929721969999997,4.788026945,3.745584746
96,Heavily indebted poor countries (HIPC),HPC,GDP growth (annual %),5.111090703,4.247499106,3.5182543689999997,3.1325257769999997,2.738190672,4.30176339,3.472773203,4.535667946,5.558558698,6.022005953,6.169109937999999,6.549631592000001,6.063056105,4.252004229,5.892584135,4.508236613,5.709899865,5.755457913,5.539202883,4.910489555,4.634420164,5.115397997,4.112241213
97,Croatia,HRV,GDP growth (annual %),5.8335461770000006,6.752932791,2.002944738,-0.817767652,3.278589827,3.3469279160000003,5.115828859,5.640330265,4.1603822489999995,4.31400966,5.001054885,5.266381523,1.759531746,-7.359498022,-1.496259495,-0.30984728699999997,-2.237705463,-0.548518694,-0.10386824900000001,2.437139302,3.483525422,3.1391959989999996,2.630785623
98,Haiti,HTI,GDP growth (annual %),4.140773327,2.704713913,2.18184035,2.7102480019999997,0.870059257,-1.044374472,-0.251464388,0.363800265,-3.52288825,1.8050113190000001,2.249221435,3.343278665,0.8439445740000001,3.0832478610000003,-3.12239443,5.523740015,2.8922401719999997,4.247639994,2.776300137,1.224329778,1.4527101519999999,1.17328004,1.483879788
99,Hungary,HUN,GDP growth (annual %),0.082416143,3.143124132,3.900002498,3.071027457,4.479191685,4.074093318,4.741278865,4.084526805,4.822851425,4.243625768,4.0310133210000005,0.24217777699999998,1.0582916690000002,-6.699554727000001,0.664291825,1.819079958,-1.471788851,1.9629840490000001,4.195082408999999,3.845557706,2.199998761,4.322809001,5.094002564
100,IBRD only,IBD,GDP growth (annual %),4.884083648,5.038796338,2.0228956680000003,3.1572918139999997,5.627177747,3.272218405,4.113400061,5.333053868,7.699532487999999,6.906969452,7.920879811,8.48631166,5.550649177,2.0226736240000003,7.311064042999999,5.998632349,5.030928457,4.966623995,4.272410225,3.664052718,3.9463654939999997,4.600682981,4.343148102
101,IDA & IBRD total,IBT,GDP growth (annual %),4.871429055,4.919050357,2.1004885069999997,3.143904819,5.5116112170000005,3.352006248,4.228557165,5.317491873,7.6422135010000005,6.8798810239999995,7.81758327,8.355195462000001,5.538218555,2.2294179290000002,7.239259857,5.9033609789999995,5.0092662919999995,5.029774488999999,4.364361373,3.698303782,3.8938370719999997,4.575492951,4.34254536
102,IDA total,IDA,GDP growth (annual %),4.692254309,3.22047581,3.220854671,2.952852792,3.8518656719999997,4.50830242,5.877444066,5.100252778,6.840291528,6.497852181,6.355192942,6.471630276,5.356265661,5.229467148,6.229067874,4.549364003,4.696646847,5.944046261,5.683317597,4.1830453610000005,3.1508817189999996,4.216460734,4.334098971
103,IDA blend,IDB,GDP growth (annual %),4.464532631,2.12362633,2.594060364,1.9299714280000002,3.7361544419999997,3.989871535,7.768587687,4.933821997,7.70712954,6.391026932999999,6.025113899,5.861201352,4.42556395,5.7152312610000005,6.24374515,5.001464341,4.531784131,5.823245241,5.80065289,3.908531289,1.576898025,2.7430460510000003,3.614215937
104,Indonesia,IDN,GDP growth (annual %),7.818187077,4.699878854,-13.12672549,0.791126082,4.920067747,3.6434664469999998,4.499475391,4.780369122,5.030873945,5.692571303999999,5.500951785,6.345022227,6.0137035999999995,4.628871183,6.223854181,6.169784207999999,6.030050652999999,5.557263689,5.006668426,4.8763223,5.033069183,5.067406366,5.171270328
105,IDA only,IDX,GDP growth (annual %),4.955415156,4.482094015,3.925532027,4.088100154,3.9776253919999998,5.064596601,3.869558773,5.280325726,5.905486496,6.615013162,6.716447781,7.135385899999999,6.356236885,4.727929928,6.213771155,4.078050199,4.870599186000001,6.071095782,5.56020142,4.471740324,4.812095853,5.723532463,5.04966817
106,Isle of Man,IMN,GDP growth (annual %),7.7159915670000006,8.581537711000001,13.50925462,13.69322045,5.338360755,5.3761627579999995,5.868976166,6.327778682000001,5.199996153,5.900005219,7.700000963,7.457066814,4.699998522,2.099999803,3.399999672,2.00000146,3.1999997239999995,4.499999713,5.0000008010000005,-0.9000003879999999,7.399999657,3.6,
107,India,IND,GDP growth (annual %),7.549522249,4.049820849,6.184415821,8.845755561,3.840991157,4.823966264,3.8039753210000002,7.860381476000001,7.922936612999999,7.9234306210000005,8.060732573,7.660815065,3.08669806,7.861888832999999,8.497584702000001,5.241344743,5.456358951,6.386106401,7.410227605,7.9962537860000005,8.169526505,7.167888861000001,6.811369326
108,Not classified,INX,GDP growth (annual %),,,,,,,,,,,,,,,,,,,,,,,
109,Ireland,IRL,GDP growth (annual %),7.414229402,10.90372998,8.691343887999999,10.50355958,9.445750602,5.278431341,5.919816051000001,3.019969048,6.7213533210000005,5.700089237,5.070901037,5.32426724,-4.480383335,-5.079212673,1.809979744,0.343440795,0.225714843,1.3516340040000001,8.556687985,25.16253305,3.6778158110000003,8.145296156,8.169870933
110,"Iran, Islamic Rep.",IRN,GDP growth (annual %),5.173283486,0.482046871,2.177823133,0.855458607,5.8580666,0.778638733,7.26555113,8.734584435,4.374509277,3.1898040869999997,4.999795262,8.155773523999999,0.250856553,1.007385458,5.797938302,2.6457179180000003,-7.44455703,-0.19407347100000003,4.60341888,-1.32064512,13.39624446,3.755187367,
111,Iraq,IRQ,GDP growth (annual %),11.02078741,21.23793536,34.85709471,17.58226641,1.406474735,2.30531667,-6.900180689,-33.10083738,54.15777429,4.400617409,10.15819912,1.3775981480000001,8.228107104,3.379299094,6.402564845,7.5464712,13.93643017,7.6,0.7,2.477664617,15.21246273,-2.4946429390000002,-0.5627455029999999
112,Iceland,ISL,GDP growth (annual %),4.573163758,3.588939007,7.095560104,4.043051936,4.891593505,3.898810736,0.681172795,2.2681372730000002,8.042205296,6.330004312000001,5.248820117,9.365323116,1.991980805,-6.777215052000001,-3.435878078,1.8816194869999998,1.296436091,4.133851101,2.080287196,4.467860506,7.3514753079999995,4.603781375,4.61147603
113,Israel,ISR,GDP growth (annual %),5.032816996,3.9296726769999997,3.916893555,3.114597068,7.45518208,0.11882146099999999,-0.014860638999999998,0.970458596,4.185882318,3.911693332,5.564435107,5.773482555,2.996483061,0.924262605,5.601137671,4.783497489,2.257237548,4.148054552,3.75820019,2.290092123,3.982046375,3.536703188,3.453702518
114,Italy,ITA,GDP growth (annual %),1.266784802,1.830212234,1.810615162,1.625727599,3.786955143,1.951371556,0.253942999,0.138626891,1.4235941580000002,0.817848974,1.790639681,1.48707298,-0.962012841,-5.280937208,1.7132958390000002,0.7073333470000001,-2.980905768,-1.841065451,-0.004547542,0.778304351,1.279671128,1.716167381,0.774340013
115,Jamaica,JAM,GDP growth (annual %),-0.113731206,-1.140459872,-2.334553543,1.047673871,0.878703548,1.344929564,1.997290944,3.666317593,1.3237251,0.8937979359999999,2.89912535,1.431954037,-0.811736703,-4.336650187,-1.466059299,1.7303762669999998,-0.61363604,0.501560583,0.6914781090000001,0.92268214,1.375638727,1.003365318,1.9408781469999998
116,Jordan,JOR,GDP growth (annual %),2.08734725,3.307893492,2.9939379789999996,3.409474861,4.2452474,5.268616307,5.78448103,4.161049725,8.567298292,8.146582942,8.09333143,8.175719102999999,7.232408413,5.476580856,2.311392415,2.586784416,2.651170748,2.82876664,3.096330347,2.391695959,2.003733625,2.1157328890000002,1.940292205
117,Japan,JPN,GDP growth (annual %),3.099999291,1.076045234,-1.128409829,-0.251954272,2.779632825,0.40633590299999994,0.117992777,1.5282201480000002,2.204687882,1.662670405,1.420006556,1.654183881,-1.0935406,-5.4164127970000004,4.191739258999999,-0.11542134,1.495089586,2.000267841,0.374719476,1.222921041,0.609093181,1.928757251,0.7884558759999999
118,Kazakhstan,KAZ,GDP growth (annual %),0.500000002,1.699999999,-1.899999999,2.699999998,9.800000002,13.5,9.8,9.3,9.600000001,9.699999999,10.7,8.9,3.3,1.199999999,7.3,7.400000001,4.8,5.999999999,4.200000001,1.2,1.1,4.1,4.1
119,Kenya,KEN,GDP growth (annual %),4.146839267,0.47490192,3.290213723,2.305388596,0.599695392,3.779906496,0.54685953,2.932475546,5.104299776,5.906666082,6.472494299,6.850729771,0.232282746,3.306939815,8.405699224,6.10826372,4.563209131,5.878680567000001,5.357125644,5.718507131,5.8789492999999995,4.8625382230000005,6.319781364
120,Kyrgyz Republic,KGZ,GDP growth (annual %),7.084502419,9.915168114,2.121835392,3.655789576,5.426673849,5.32158429,-0.017353166,7.030296139,7.026859719,-0.17554822899999997,3.102898691,8.542874896,8.401615957,2.8862947,-0.471566848,5.956274377000001,-0.2,10.9,4.0,3.9,4.3,4.7,3.5
121,Cambodia,KHM,GDP growth (annual %),5.89750561,4.006621073,4.6816321080000005,12.70538113,10.711994800000001,7.446606976,6.578939503,8.505895557,10.34052878,13.25008691,10.77108367,10.21257391,6.691577475,0.086696959,5.963078575,7.0695699460000005,7.313345505,7.3566651489999995,7.142571101000001,7.036087179,7.0309667760000005,7.01503011,7.497963508
122,Kiribati,KIR,GDP growth (annual %),1.694915254,1.6666666669999999,6.557377048999999,-1.5384615380000002,6.25,-1.470588235,3.7874626869999997,2.006324636,-1.6293602040000001,4.951631626,-0.049295322999999995,2.034947265,-2.091436758,0.802751509,-0.923884657,1.594561102,4.713319136,4.214773912,-0.697828087,10.40540793,5.129750525,0.328439777,2.001036031
123,St. Kitts and Nevis,KNA,GDP growth (annual %),5.843029251,6.823619111,-0.486261685,3.21938691,10.40719276,5.517255631,2.469697331,-3.444248985,4.057900322,9.695234587,2.917701225,-0.051157672,6.4878554489999996,-3.3684777230000003,-2.93665042,1.828435302,-2.2280123069999997,5.383690734,6.284804235,1.033704225,2.826378868,-1.9773419419999998,2.923938817
124,"Korea, Rep.",KOR,GDP growth (annual %),7.594509089,5.922185464,-5.471219258,11.30862149,8.924426034,4.525306764,7.432433614,2.933217902,4.89984045,3.923677392,5.176153818,5.463396392999999,2.829223173,0.707509946,6.496793586,3.681688569,2.292397846,2.896204935,3.3414477610000004,2.7902361669999998,2.929304795,3.0627684619999997,2.668311402
125,Kuwait,KWT,GDP growth (annual %),0.6051269779999999,2.473325247,3.662055103,-1.7890094630000002,4.694581988,0.21333257600000002,3.014283152,17.32602042,10.24029806,10.60904498,7.514773,5.991575511000001,2.479756943,-7.0760564310000005,-2.37055926,9.628436082,6.626388081,1.149038847,0.5011326620000001,0.592763704,2.926121132,-4.712340346,1.246015947
126,Latin America & Caribbean (excluding high income),LAC,GDP growth (annual %),3.395465457,5.015582128999999,2.003666219,-0.017038481,3.7832833089999998,0.677402177,0.178862408,1.443468913,6.258679916,4.313157412,5.359583023,5.687807382999999,4.04039272,-1.920661854,6.011047717,4.407756861,2.697425436,2.73044398,0.9647404070000001,-0.5417236,-1.69127274,0.6773507390000001,0.374039219
127,Lao PDR,LAO,GDP growth (annual %),6.928323725,6.872091273,3.9676080910000002,7.306376072999999,5.798782326,5.751412882,5.918743682000001,6.067002304,6.35769548,7.107568369,8.619266209,7.596828801,7.824902763,7.501774912999999,8.526905517000001,8.038652681,8.026098434,8.026300226,7.611963441,7.270065842999999,7.022836255,6.892530872999999,6.247960008
128,Lebanon,LBN,GDP growth (annual %),11.28593572,1.0549666690000001,3.665723784,-0.525584634,1.341871619,3.839669278,3.423149827,3.227098269,6.293775446000001,2.748394055,1.701433991,9.340929531,9.248842241,10.05447737,8.037249354,0.917698798,2.720151566,2.6191608790000003,1.884285662,0.415030765,1.6055246,0.551994777,0.19999063600000003
129,Liberia,LBR,GDP growth (annual %),,,,,,2.9202729689999996,3.763018282,-30.14513259,2.619847686,5.281212071000001,8.043906247999999,9.535279869,7.145688998,5.300539377,6.099827602,8.20076584,7.993815692999999,8.704028066000001,0.701143912,0.0,-1.599584075,2.468626095,1.2225513129999999
130,Libya,LBY,GDP growth (annual %),,,,,3.679213293,-1.762878168,-0.958849381,13.01600108,4.461629982,11.87072893,6.500547227,6.352316994,2.66735579,-0.790141832,5.021289739,-62.07591958,123.13955520000002,-13.59999997,-24.00000003,-8.862039363,-2.79546889,26.67587012,7.949736797999999
131,St. Lucia,LCA,GDP growth (annual %),2.92258887,-0.694130712,6.286472042000001,2.67060488,0.048748424000000005,-3.4080642219999997,0.41645045799999997,4.264610998,7.267408929,-0.410303993,6.195256154,2.06781947,4.977063729,-1.454036303,0.303818186,4.139375889,-0.28767061899999996,-1.974466829,1.338849057,0.234248586,3.146332373,2.550017764,0.85713557
132,Latin America & Caribbean,LCN,GDP growth (annual %),3.518835816,5.132103845,2.230082367,0.135451574,3.789159232,0.8816084909999999,0.291237724,1.5585827719999998,6.335512105,4.251778814,5.26776616,5.515967357,3.918384876,-1.881607344,5.841721969,4.3874169819999995,2.784253925,2.753898198,1.001023158,-0.35927509399999996,-1.462464435,0.6909100029999999,0.49914651299999996
133,Least developed countries: UN classification,LDC,GDP growth (annual %),5.879888456000001,4.823090148,3.9415440939999997,4.148442429,4.195302478,5.292605769,5.255674595,5.391455766,6.901980987000001,8.226483999,7.792175522999999,8.394928119,7.158276115,4.5987099,6.247934911000001,3.79639356,4.948244537,5.730889345,5.438568571,4.056286395,3.8315366930000003,4.8109518410000005,4.225760139
134,Low income,LIC,GDP growth (annual %),4.636403927,3.510222272,3.2152598510000003,3.523242943,2.657990325,4.911912652,3.599833387,4.617573465,6.255321249,6.535350329,5.638531822999999,6.428228463,6.037855002000001,5.2074209819999995,6.974108199,3.4960534880000003,3.48086483,6.074974248999999,5.782704988,2.916765143,3.428058787,4.87873752,4.952342246000001
135,Liechtenstein,LIE,GDP growth (annual %),6.905300734,7.225135037,7.761262133,10.41092416,3.220190998,-0.733091477,-0.993919345,-1.937566245,3.039173512,4.828074952,8.644969847,3.325962956,1.798087686,-1.157481822,,,,,,,,,
136,Sri Lanka,LKA,GDP growth (annual %),3.799967205,6.405399697999999,4.698423046,4.300540498,6.00003316,-1.545408134,3.964675686,5.940269077999999,5.445061278,6.241748045,7.668291900000001,6.7968261189999994,5.950088145,3.5389120530000002,8.015967371,8.404733021,9.144572246000001,3.39573265,4.960700592,5.007683305,4.486634531,3.4198191889999996,3.209131128
137,Lower middle income,LMC,GDP growth (annual %),5.994011911,3.852186482,0.590691114,4.5528435,4.318829264,4.473522011,4.668769888,6.097189114,6.992506529,6.597069503999999,6.959371218999999,7.025552426,4.622583403999999,4.947359231,6.837096979,4.992690213,5.17561654,5.637323299,5.657618587999999,5.58914361,5.564788227,5.560170532999999,5.4875361289999995
138,Low & middle income,LMY,GDP growth (annual %),4.816935172,4.820806931,1.9831109169999999,3.186963547,5.566005656000001,3.42708163,4.309975301000001,5.379078842,7.729012104,7.005351033999999,7.894934161,8.438612119,5.5957039570000005,2.2980261619999998,7.36049603,5.933652537,5.098483539,5.128038337,4.419157892,3.71908801,3.936822505,4.603497321,4.334330166
139,Lesotho,LSO,GDP growth (annual %),5.597035759,3.703603596,1.53765564,0.47602510200000003,3.875546814,3.5615821910000003,0.7238359609999999,4.559776811,1.692374206,3.466122481,4.230094854,4.832963734,6.739533599,2.154308341,6.42963961,6.630032868,5.899918124,2.155721303,2.8172894939999997,2.71747593,3.218553361,-2.277240349,1.134188171
140,Late-demographic dividend,LTE,GDP growth (annual %),4.334536372,5.013897261,2.085702194,4.131043368,6.7794333810000005,4.695461867,5.533676112999999,6.283943052000001,7.884840637999999,7.193644997000001,8.732374131,9.614778617,6.512915759,2.642390268,7.6241526770000005,6.699825692999999,5.37784589,5.201307792,4.58948643,3.8721686060000002,3.773265641,4.699006312,4.820545015
141,Lithuania,LTU,GDP growth (annual %),5.149958874,8.29322887,7.467175524,-1.134642745,3.831667298,6.5244306860000005,6.76074952,10.53856495,6.5500830610000005,7.727407902,7.406444212999999,11.08695428,2.628077961,-14.81416316,1.4822324409999998,6.025638091,3.833302764,3.5584246310000003,3.5079712169999997,2.033148074,2.555939567,4.247576754,3.6447565319999997
142,Luxembourg,LUX,GDP growth (annual %),1.388428482,5.709717037000001,6.044651557999999,8.481002665,8.239799144,2.531975137,3.819469658,1.629286955,3.61217677,3.1724427810000004,5.178485863,8.354553277,-1.2795855809999999,-4.358606952,4.864968492,2.539234883,-0.352519229,3.654370259,4.29678635,4.306432538,4.5746002830000005,1.8011817030000001,3.110836266
143,Latvia,LVA,GDP growth (annual %),2.546055891,8.939248496,6.3651638870000005,2.827793551,5.595198197,6.319061922,7.115967072,8.436383846,8.34135916,10.743382,11.88809669,10.01085145,-3.3463670789999997,-14.23814673,-4.473441198,6.285118615,4.13423165,2.328004263,1.9151903780000001,3.260524381,1.773809577,3.7873137580000003,4.62077695
144,"Macao SAR, China",MAC,GDP growth (annual %),-0.419289047,-0.279530951,-4.570537005,-2.359157206,5.747126437,2.8887099660000004,8.947125877000001,11.6529262,26.75553967,8.059504542,13.31416375,14.44762729,3.393868181,1.32131501,25.26350562,21.67270765,9.237314193,11.20009044,-1.201089674,-21.59453159,-0.718343471,9.887584068999999,5.442542619
145,St. Martin (French part),MAF,GDP growth (annual %),,,,,,,,,,,,,,,,,,,,,,,
146,Morocco,MAR,GDP growth (annual %),12.37287628,-1.560702356,7.23855269,1.081332562,1.912872981,7.3199674539999995,3.1214496560000002,5.961162155,4.797018362,3.2916396839999997,7.574631645,3.531594152,5.9232776860000005,4.243757321,3.8157179169999997,5.2456972969999995,3.009961262,4.5354242,2.669493927,4.536378168,1.05985639,4.234850054,2.99021417
147,Monaco,MCO,GDP growth (annual %),1.110730002,2.237248754,3.503266589,3.300542834,3.9102292260000002,2.187732536,1.026495079,1.0875365959999999,2.470484448,1.895415281,5.803936536,14.42889902,0.666833993,-11.3,2.1,7.0,1.0,9.6,7.2,4.9,3.5,-3.4,6.1
148,Moldova,MDA,GDP growth (annual %),-5.877060205,1.6470645030000002,-6.542192022999999,-3.3682545289999997,2.107716048,6.100000412999999,7.799999641,6.600000037999999,7.39999969,7.500000139,4.79999985,3.00000024,7.800000145,-6.000000289,7.1000000839999995,5.818166405,-0.589734135,9.043865528,4.9996255839999995,-0.338235296,4.408886743,4.690793428,3.4
149,Madagascar,MDG,GDP growth (annual %),2.148915048,3.6934926060000004,3.932336443,4.6591157,4.760065099,6.017824403,-12.67378814,9.784892131,5.257003603999999,4.602899965,5.022607002,6.240578451,6.712632542000001,-3.9787086130000002,0.619239746,1.578427051,3.011148115,2.300376232,3.339203113,3.1322980730000003,3.993146064,3.933307595,4.564792315
150,Maldives,MDV,GDP growth (annual %),7.858646927000001,8.39794083,7.494683025,6.175655827999999,3.8458103919999997,-3.943634354,7.268386313,13.75004982,6.033754049,-13.12905343,26.111493499999998,7.713867271,9.485332661000001,-7.228841465,7.265129067999999,8.566733531,2.517383942,7.281073978999999,7.329626202999999,2.88454853,6.3383006360000005,6.803666022000001,6.888817196000001
151,Middle East & North Africa,MEA,GDP growth (annual %),4.724161035,3.383372433,4.564091483,1.727547355,5.736253809,1.200657907,1.5938421109999998,5.48225735,7.989174642999999,5.066668441,6.034523601,5.172876143,4.499418806,0.49654191,5.052412772,3.6786159830000003,3.893885992,2.6914380889999996,2.8973475580000003,2.486937469,4.919007702,1.4817865380000002,2.3377626680000003
152,Mexico,MEX,GDP growth (annual %),6.773258694,6.846852279,5.1639251680000005,2.753554247,4.942453715,-0.40439012700000004,-0.039844481,1.446382684,3.92059081,2.307807066,4.495077894,2.291445714,1.143584587,-5.285744137,5.118118143,3.66300793,3.642322679,1.3540919619999998,2.804340128,3.2879915989999997,2.910546459,2.118082347,2.135958121
153,Marshall Islands,MHL,GDP growth (annual %),-10.30293333,-6.445670906,-0.8193641890000001,-1.255150744,1.354077564,6.826071065,3.7414653860000002,-1.615867178,0.9492779640000001,2.28478911,0.66815941,2.769118673,-6.753094595,1.443806379,7.5553903060000005,-0.75614346,-2.370339048,3.7176278739999997,-0.9399653170000001,1.5912884459999999,1.306665887,4.056644584,3.62475276
154,Middle income,MIC,GDP growth (annual %),4.819430496,4.838890354,1.966330224,3.1823276469999997,5.606055307999999,3.406983442,4.31972734,5.389924773,7.749847694,7.01190391,7.92625343,8.465925111,5.589809772000001,2.2570064569999997,7.3661009139999996,5.968882886,5.121144441,5.114979888,4.400182555,3.730401118,3.943785422,4.599749086,4.32571925
155,North Macedonia,MKD,GDP growth (annual %),1.185103889,1.4399813369999999,3.378735647,4.339027913,4.5491357830000005,-3.067256625,1.4936654719999998,2.222601657,4.67444497,4.723733083,5.137025162,6.473486857999999,5.47200139,-0.358614857,3.358750858,2.339886045,-0.455922696,2.924726568,3.629641308,3.855610302,2.848441461,0.24052101399999998,2.664591889
156,Mali,MLI,GDP growth (annual %),7.055785404,4.829024339,7.57166764,5.700943654,-0.060834972,15.37623946,3.106308252,9.119041995,1.5599986609999998,6.534762657000001,4.66218688,3.4936168110000003,4.7733827269999995,4.6790657,5.413452222,3.240252913,-0.8361788659999999,2.303584809,7.043356204,5.962581591,5.799999995,5.400000102999999,4.899995745
157,Malta,MLT,GDP growth (annual %),3.777335762,5.256980145,5.125601231,4.719974882,6.770193911000001,0.608353735,2.9828183760000004,2.543768573,0.443412531,3.7836522589999997,1.828716884,3.9864487060000005,3.3465127310000002,-2.462277722,3.5426832139999997,1.3071527490000001,2.79120546,4.610879115,8.706315221,10.81818001,5.675698854,6.724325981000001,6.772328111
158,Myanmar,MMR,GDP growth (annual %),6.442715347,5.651582962999999,5.8662131529999995,10.94512998,13.74593056,11.34399707,12.02551343,13.84399689,13.56466162,13.56895002,13.07610138,11.99143524,10.25530539,10.5500091,9.634439452,5.591482377999999,7.332670447000001,8.426001025,7.990915597000001,6.99284029,5.862472915,6.758628824,6.200051072000001
159,Middle East & North Africa (excluding high income),MNA,GDP growth (annual %),6.091264466,3.271580401,6.815262528,4.266366846,4.442954249,2.226591519,3.332759968,2.784750129,8.012035571,4.538586551,5.493593717,6.104010322000001,3.528664577,2.552156128,5.266783609,-0.9277267029999999,2.807976089,1.66709346,2.094613977,0.977211102,7.701688924,2.8881668960000004,
160,Montenegro,MNE,GDP growth (annual %),,,4.900006713,-9.400001407000001,3.1000001839999998,1.099842719,1.90393392,2.482659361,4.4260529580000005,4.180601527,8.566419508,6.810099791,7.222789983999999,-5.7950928589999995,2.734341541,3.228450387,-2.7237686539999997,3.549013918,1.783682046,3.3904208760000003,2.949338685,4.716464962,5.077860201
161,Mongolia,MNG,GDP growth (annual %),2.235093844,3.896713583,3.3399366,3.07036901,1.146062137,2.952710544,4.732978465,7.004634575,10.62540596,7.25366544,8.556234809,10.24801636,8.900367946,-1.268598941,6.365161685,17.29077758,12.31981985,11.64891619,7.885225482,2.379835807,1.168393456,5.337037933,7.225848899
162,Northern Mariana Islands,MNP,GDP growth (annual %),,,,,,,,0.408441116,-3.118644068,-12.66620014,-6.891025641000001,-6.712564544,-11.070110699999999,-17.53112033,1.383647799,-7.692307692000001,0.537634409,2.4064171119999997,3.785900783,3.5220125789999996,28.31105711,25.56818182,-19.60784314
163,Mozambique,MOZ,GDP growth (annual %),11.20473253,11.30023205,9.926757015,11.70154266,1.188520575,12.08967671,9.290478457,6.926450061000001,7.92975086,6.637868812000001,9.702106772999999,7.731582341,7.289132316,6.31379491,6.488149646,7.4036726779999995,7.258439253,6.963607135,7.398512797,6.72327878,3.8242143189999998,3.741317593,3.428173661
164,Mauritania,MRT,GDP growth (annual %),5.818826627000001,-4.044696545,2.7778047860000004,7.712825411,-0.43040625600000004,2.008796925,0.6650041560000001,5.978253348,5.747423475,8.969422365,18.86909945,2.8178366269999997,1.079967229,-1.042081628,4.773697094,4.704066576000001,5.795078198,6.090258662,5.579878964,0.43458414,1.843634255,3.073258584,3.5542779839999996
165,Mauritius,MUS,GDP growth (annual %),5.587843899,5.687477444,6.071940161000001,2.6109323190000002,8.202791783,3.347540711,1.614918645,5.9254454889999995,4.330019872,1.7775430369999998,4.865544591,5.727016142,5.38696257,3.3150769889999996,4.377203239,4.077538074,3.496118338,3.3604061030000003,3.744575773,3.55307173,3.8379326289999995,3.814152115,3.773818913
166,Malawi,MWI,GDP growth (annual %),7.3166815110000005,3.792419099,3.89525363,3.042278091,1.576077837,-4.9749638460000005,1.700000014,5.705639437,5.420497694,3.268725828,4.6999999919999995,9.600000003,7.639736774,8.328110276,6.874065635,4.854055109,1.885799507,5.199999998,5.700000004,2.7999999989999997,2.484040626,4.000030517,3.5
167,Malaysia,MYS,GDP growth (annual %),10.0027007,7.322741842,-7.359415192999999,6.137612015,8.858868177,0.517675319,5.390988299,5.788499283999999,6.783437734,5.332139149,5.5848470720000005,6.29878593,4.831769887,-1.513528719,7.424847386000001,5.29391284,5.473454192,4.69372252,6.00672195,5.091515721,4.449755765,5.741829576000001,4.74160645
168,North America,NAC,GDP growth (annual %),3.577405638,4.432440258,4.331972482,4.684452489,4.197749598,1.036102794,1.887668237,2.9458676180000003,3.80866961,3.645612965,2.975111335,2.335681706,-0.026074875,-2.5757852519999997,2.612908888,1.7041763109999999,2.199215423,1.888626748,2.493015433,2.664205581,1.5225818119999999,2.290582414,2.827113773
169,Namibia,NAM,GDP growth (annual %),3.1913242889999998,4.220100451,3.291585574,3.369278383,3.492183429,1.177948639,4.788661276,4.2397943730000005,12.269548,2.529262728,7.073175227999999,5.374044222,2.6498119669999998,0.29597090000000004,6.039249546000001,5.091338198,5.061682013,5.614719701,6.351677961,6.086376114,1.123168844,-0.867877052,-0.546332045
170,New Caledonia,NCL,GDP growth (annual %),0.44987910000000003,2.007152305,-3.200275506,0.900172502,2.100108842,,,,,,,,,,,,,,,,,,
171,Niger,NER,GDP growth (annual %),3.419093099,2.7539656239999997,10.42226252,-0.568758332,-1.40950935,7.1043406120000006,2.999122036,5.2999999980000005,0.10000000099999999,4.499999999,5.800000002000001,3.1465703960000004,9.587695728,-0.71267743,8.36421953,2.283008487,11.84981918,5.2684148969999995,7.529043067999999,4.3370723689999995,4.925930933,4.893436692,6.483066704
172,Nigeria,NGA,GDP growth (annual %),4.195924045,2.93709942,2.581254103,0.584126895,5.015934757,5.917684652,15.32915574,7.34719497,9.250558228,6.438516525,6.059428031,6.591130361,6.764472777999999,8.036925102,8.005655915,5.307924204,4.230061175,6.671335393,6.309718656,2.652693295,-1.61686895,0.805886619,1.9372680690000001
173,Nicaragua,NIC,GDP growth (annual %),6.344268336,3.966650879,3.711681463,7.035970572999999,4.101590155,2.9608435539999998,0.753938895,2.520732899,5.312170527,4.282398312,4.1523231869999995,5.075817498999999,3.4355729960000003,-3.292815113,4.410481398,6.316709606,6.496747299,4.926792269,4.784525323,4.792731752,4.563542212,4.6757919,-3.8160601030000003
174,Netherlands,NLD,GDP growth (annual %),3.4987422089999995,4.329053322,4.663917223,5.034048115,4.195642482,2.3269551059999998,0.217273561,0.155646066,1.984945696,2.050876074,3.460989001,3.772842518,2.17032479,-3.666884025,1.342739444,1.551189252,-1.0303540070000001,-0.130175229,1.42339541,1.959169691,2.191713719,2.9109025839999996,2.5974536180000003
175,Norway,NOR,GDP growth (annual %),5.027947172,5.284592985,2.624426222,2.012863289,3.204979222,2.074790394,1.44625414,0.910105664,3.96941456,2.6254576259999998,2.399790821,2.994251851,0.476379999,-1.727020309,0.701833824,0.9814694970000001,2.703073855,1.034072914,1.969544301,1.967128438,1.071558977,2.323258407,1.289548201
176,Nepal,NPL,GDP growth (annual %),5.328284175,5.048612536,3.0163894819999997,4.412573271,6.199999987999999,4.799892149,0.120143175,3.945037767,4.682603245,3.4791810460000003,3.364614788,3.4115602760000003,6.104639142000001,4.53307872,4.81641465,3.421828241,4.781192258,4.128877676,5.988984661,3.322905439,0.588678499,8.223499488,6.657532667999999
177,Nauru,NRU,GDP growth (annual %),,,,,,,,,,,,,34.41929066,8.659698371000001,13.55082678,11.68452207,10.08655154,34.21498251,36.52409809,2.8081912260000004,10.400004,4.1546851039999995,5.7
178,New Zealand,NZL,GDP growth (annual %),3.621083314,2.043729346,0.79193718,5.455878289,2.903323747,3.4693757169999997,4.68031972,4.563096814,4.03388787,3.321402945,2.8439823110000004,3.01311169,-1.008893966,-0.213698243,1.5392456159999999,2.334200273,2.225965504,2.5753859880000003,3.7155330710000003,3.584704514,3.645798978,3.1284607889999996,2.773571015
179,OECD members,OED,GDP growth (annual %),3.051308427,3.427576443,2.815251617,3.213664057,3.9911725430000002,1.4004354280000002,1.53316606,2.036141189,3.2017837719999998,2.8146112999999997,3.075415893,2.696652245,0.249338599,-3.467372895,2.91865623,1.817445542,1.261604196,1.47541547,2.036261299,2.418409285,1.7434595169999998,2.470110208,2.2508420609999997
180,Oman,OMN,GDP growth (annual %),3.045940005,6.0335123070000005,2.642337974,-0.124806894,5.401372717,4.4824540960000006,-1.10056525,-2.668969447,1.292112564,2.49045836,5.3720682989999995,4.4526943039999995,8.199695813,6.112453761,4.804711285,-1.108745787,9.332675576,4.372615776,2.751031637,4.741250717,4.980170972,0.266797805,1.764087549
181,Other small states,OSS,GDP growth (annual %),,,,,,4.314940565,4.576891466,4.414283097,9.544868973,6.096850077,10.97853119,9.902758007000001,7.523197425,1.85678299,8.357985997,7.599371654,3.5545646680000003,2.890897808,2.8733560189999996,2.9034921639999998,2.432229122,2.2239680930000003,2.135339588
182,Pakistan,PAK,GDP growth (annual %),4.846581284,1.0143960140000001,2.550234295,3.6601327439999998,4.260088012,1.982484032,3.2244299730000003,4.846320935,7.368571359,7.667304271,6.177542036,4.832817277,1.701405465,2.831658519,1.606688629,2.748405917,3.50703342,4.396456633000001,4.674707981,4.731147475,5.526735845,5.554276757,5.830241905
183,Panama,PAN,GDP growth (annual %),4.0797032060000005,6.46099044,7.3415007029999995,3.9172065889999996,2.715374155,0.5742727910000001,2.229149417,4.205495945,7.522079657999999,7.191279402,8.652465611,11.98398539,9.855654852,1.242992318,5.8278393920000005,11.31373175,9.778903946,6.903272566,5.066743218,5.732763632,4.966420444,5.321230184,3.6770136289999997
184,Peru,PER,GDP growth (annual %),2.7989730789999996,6.476824421,-0.391537556,1.494910643,2.694371398,0.617892326,5.453528938,4.1650231369999995,4.958203206,6.285060325,7.528899044,8.518387769,9.126568301,1.0958236590000001,8.332459107,6.3271924020000005,6.139724706,5.8525182110000005,2.382157372,3.252244772,3.953318715,2.518835442,3.976935718
185,Philippines,PHL,GDP growth (annual %),5.845873472,5.185362276,-0.576718146,3.0819164580000002,4.41122216,2.893987062,3.6459033180000002,4.970368696,6.697623612999999,4.77766782,5.242960356,6.616662283999999,4.152756843,1.14833222,7.63226478,3.6597516010000004,6.6838188810000005,7.0640242639999995,6.145298786000001,6.066548905,6.884055037,6.677553566,6.243737742
186,Palau,PLW,GDP growth (annual %),,,,,,6.4064597910000005,3.456208044,-2.836078877,4.974689961,4.058148698,-1.494965682,1.3429760080000002,-5.584784852,-6.258712711,0.288984328,4.8656162510000005,1.8413136209999998,-1.41418883,4.373413429,10.07512757,0.796679888,-3.517924715,1.7055185830000001
187,Papua New Guinea,PNG,GDP growth (annual %),7.733695797999999,-3.904389656,-3.769113218,1.855553994,-2.494841993,-0.121288606,-0.158900533,2.164102502,2.721175741,6.3447959229999995,5.4099439579999995,7.815189349,-0.296457696,6.800421281,10.128454099999999,1.107543597,4.657119635,3.8249462660000004,13.54377062,9.483548563,4.077773638,3.5378389830000003,-0.8207742379999999
188,Poland,POL,GDP growth (annual %),6.056576752000001,6.459353854,4.61478486,4.642033591000001,4.559312521,1.247964116,2.041617589,3.5624561480000003,5.135636173,3.4936676369999997,6.179641346,7.034828301,4.249608503,2.820259759,3.606928261,5.0172352,1.607906645,1.391892321,3.318447537,3.8390713389999997,3.0639081160000003,4.937663245,5.148018484
189,Pre-demographic dividend,PRE,GDP growth (annual %),5.898430062999999,6.041442155,7.731833309,4.785920993,2.986732951,4.853424133,6.043526693,-0.297777874,12.88862639,6.77681855,7.206937785,6.582392007999999,6.881243495,5.064370062,6.298283733,4.569072163,5.692376728999999,5.95055351,4.79880299,3.078247225,3.0860846210000004,1.551410568,1.9879831069999998
190,Puerto Rico,PRI,GDP growth (annual %),2.313707509,4.880087209,5.530725612,5.389699928,3.271964529,6.313471555,0.916459384,0.053419805,8.748676927,-1.9869387330000001,-1.4094140240000002,-1.16280669,-1.84413425,-1.9524251419999998,-0.41325411799999995,-0.358510628,0.02927511,-0.306826657,-1.190363454,-1.049443651,-1.263002925,-2.65739342,-4.905626153
191,"Korea, Dem. Peoples Rep.",PRK,GDP growth (annual %),,,,,,,,,,,,,,,,,,,,,,,
192,Portugal,PRT,GDP growth (annual %),3.504247369,4.400867969,4.807963433,3.906576497,3.8161778460000004,1.943672482,0.770924141,-0.9305211409999999,1.788735745,0.7818475540000001,1.625034412,2.506579989,0.31924750399999996,-3.1220790789999997,1.73762581,-1.696165744,-4.057293817,-0.922644348,0.792191109,1.792046276,2.019485117,3.506345458,2.441266929
193,Paraguay,PRY,GDP growth (annual %),1.5737851319999998,4.242516103,0.06803775599999999,-1.366079712,-2.314140568,-0.834054717,-0.021404395,4.320745486,4.057418364,2.133490665,4.807117193,5.421622872,6.359120793,-0.257971434,11.14373579,4.249111045,-0.538512943,8.417495285,4.860890371,3.080374008,4.31290497,4.958051422,3.676623231
194,West Bank and Gaza,PSE,GDP growth (annual %),1.215150773,14.66722516,14.33420348,8.280429404,-8.556183291,-9.310638167999999,-12.48919176,14.01586549,10.34306987,10.79876211,-3.900597981,6.59059324,6.079293326,8.662535025,8.099089262,12.413635699999999,6.284235772000001,2.217422457,-0.181890997,3.428732254,4.7084352560000005,3.14023678,0.905278232
195,Pacific island small states,PSS,GDP growth (annual %),2.9388610010000003,-1.263280577,2.062085675,4.870041351,-0.711716847,1.232256799,1.935022707,2.000175996,3.9194884819999998,2.252407003,2.4880295130000003,1.3081442429999999,1.831107649,-1.28787054,2.922925904,3.8723467360000003,1.106296557,2.9578048480000003,3.8113617680000003,4.073696748,3.2931383710000004,4.006069062,2.654473872
196,Post-demographic dividend,PST,GDP growth (annual %),2.830764551,3.2237604889999996,2.645948581,3.2872334839999997,3.923585531,1.542344921,1.507076738,2.019190262,3.122645481,2.7438514639999996,2.9781528460000004,2.65241357,0.222663317,-3.4812746939999997,2.828632776,1.597082434,1.121479885,1.337298888,1.868999755,2.108656606,1.642459664,2.309646212,2.154738493
197,French Polynesia,PYF,GDP growth (annual %),0.30000031,1.900004145,6.199995771,4.0000046430000005,4.000000343,,,,,,,,,,,,,,,,,,
198,Qatar,QAT,GDP growth (annual %),,,,,,3.898186617,7.182151741,3.7199586360000003,19.21891532,7.492758506,26.17024568,17.98565679,17.66355638,11.95656114,19.59233153,13.37517641,4.687259177,4.410274619,3.9788821469999998,3.657510261,2.131310916,1.579850253,1.4933399930000002
199,Romania,ROU,GDP growth (annual %),3.907702088,-4.849062738,-2.029812906,-0.376660706,2.461263459,5.218136257,5.70299165,2.341147329,10.42811302,4.668148051,8.028811076,7.233807744,9.307467171,-5.5173944079999995,-3.90123628,2.007156244,2.077165007,3.514551804,3.4108091,3.871522323,4.800799906,7.111440633,3.953810542
200,Russian Federation,RUS,GDP growth (annual %),-3.7550694389999997,1.399915805,-5.299961625,6.39991469,10.00006682,5.100051225,4.6999919089999995,7.299952345,7.19994787,6.399965448,8.200068255,8.499977767999999,5.199969265,-7.799993913,4.5,4.300029186000001,3.700057055,1.80000014,0.699973678,-2.307706889,0.329280658,1.630185732,2.254804346
201,Rwanda,RWA,GDP growth (annual %),12.74569576,13.84975249,8.858669496000001,4.322378158,8.370908173,8.484581727,13.19206757,2.2023723719999997,7.447676379,9.377915927,10.72973965,7.633269256,11.16125645,6.2482385339999995,7.334655197000001,7.958358401,8.641557937,4.719830067,6.164100614,8.867939164,5.981332722,6.116655837000001,8.606705997999999
202,South Asia,SAS,GDP growth (annual %),6.8940133889999995,3.8125485510000003,5.631322915,7.824374595,4.062852223,4.329028988,3.722941115,7.282163299,7.561854912,7.718532787000001,7.74483738,7.332297281000001,3.2376910989999996,7.1340321620000005,7.703421078,5.137558062,5.501942162000001,6.087500816,6.99255791,7.480317555,7.706871473,6.926782565,6.662698102
203,Saudi Arabia,SAU,GDP growth (annual %),2.637424217,1.103782049,2.8933625189999996,-3.7632852160000003,5.625416143,-1.210743863,-2.819174404,11.24206139,7.9584416639999995,5.573850121,2.7884022280000003,1.847130252,6.249772755,-2.059268194,5.039493675,9.996857794,5.411444902,2.6992547210000004,3.652481701,4.106408869,1.670624757,-0.741502652,2.434110778
204,Sudan,SDN,GDP growth (annual %),5.919124758,10.56673631,4.308504104,3.10409568,6.345867769,6.500360421,6.427273901,7.734591717000001,3.8833072910000004,7.489738142,10.064308,11.52191003,7.801963334,3.2418475719999997,3.469335093,-1.967728979,0.521559267,4.394711132,2.679411813,4.906045175,4.700000042,4.283071004,-2.320827321
205,Senegal,SEN,GDP growth (annual %),2.012125113,3.124033282,5.898672563,6.347115795,3.1989880360000003,4.5809164419999995,0.654803648,6.683228177999999,5.8707722129999995,5.622606856,2.461570254,4.938485083,4.056375727,2.092527084,3.56274539,1.458388671,5.117394237,2.82210565,6.613074742,6.367263427,6.356396792000001,7.082922291,6.766293824
206,Singapore,SGP,GDP growth (annual %),7.471310739,8.319821633,-2.195327794,5.72400277,9.03919574,-1.0691060079999999,3.91467511,4.535806779,9.819526862,7.35903621,9.005188001,9.022116566000001,1.868212395,0.12100381,14.52564666,6.2622677620000005,4.449315805,4.815045038,3.9005732280000003,2.892499228,2.962327259,3.699781577,3.1394645430000003
207,Solomon Islands,SLB,GDP growth (annual %),1.605179835,-1.439673626,1.783866401,-0.482600682,-14.26748303,-7.978564432000001,-2.8000025219999998,6.50000183,4.898370946,5.421193232,6.946649998,7.320001264,7.106270238,-4.738346526,6.809045009,13.19563215,4.555394768999999,3.0178495539999997,2.250090947,2.542239607,3.2209476,3.693618195,3.85471177
208,Sierra Leone,SLE,GDP growth (annual %),1.753821399,-5.877082015,1.785014281,-1.9792855880000002,6.652727885,-6.345455153,26.417316600000003,9.313120969,6.59794486,4.5050956719999995,4.223914279,8.058145152,5.39828521,3.1880512160000003,5.346466052,6.315045036,15.18176908,20.71576829,4.556772366000001,-20.59877072,6.055474029,4.2111826489999995,3.446162621
209,El Salvador,SLV,GDP growth (annual %),0.8176804809999999,3.134939588,2.654173931,2.160516675,1.12605705,0.877318892,1.580862265,1.5622310819999998,0.890786052,2.7074677680000003,4.342895377,1.860579145,2.570846686,-2.086120492,2.104283203,3.8170563960000004,2.815501822,2.232142857,1.710709945,2.398973133,2.50702399,2.306557031,2.538949798
210,San Marino,SMR,GDP growth (annual %),,,7.512953368,8.995983936,2.210759027,5.551550108,0.341530055,3.880190606,4.587155963,2.3809523809999997,3.855569155,7.130229817000001,1.650165017,-12.82467532,-4.655493482,-9.440104167000001,-7.54852624,-3.032659409,-0.9,0.6,2.2,1.5,
211,Somalia,SOM,GDP growth (annual %),,,,,,,,,,,,,,,,,,,,,,,
212,Serbia,SRB,GDP growth (annual %),2.426155021,7.184832847999999,2.4304566309999998,-12.146587400000001,7.759209405,4.992714031,7.115788087,4.415414059,9.046513062,10.15430578,5.107787883,6.43952754,5.655577865,-2.7317536510000004,0.731043344,2.0362757890000003,-0.6815391390000001,2.892634162,-1.589509134,1.776324024,3.340332014,2.049304766,4.392237239
213,Sub-Saharan Africa (excluding high income),SSA,GDP growth (annual %),5.110059252,3.589349653,2.359425466,2.163937189,3.504009939,4.267929925,6.343564547000001,4.2639525119999995,6.533180334,6.206542167,6.139632711,6.615885907000001,5.364064759,3.044091206,5.581162397000001,4.446132166,4.046876655,5.003320365,4.6590375669999995,2.8262809260000004,1.230901169,2.529799209,2.3867292680000003
214,South Sudan,SSD,GDP growth (annual %),,,,,,,,,,,,,,5.04164188,5.493416395,-4.640316736,-46.08212237,13.12973114,3.373648282,-10.79336462,,,
215,Sub-Saharan Africa,SSF,GDP growth (annual %),5.109887607,3.596799861,2.3652381080000002,2.163639871,3.501989335,4.261430959,6.338785497000001,4.254953015,6.525670517000001,6.20858523,6.142079614,6.618824275,5.358058508,3.041041724,5.581426061,4.448567999,4.044836331,5.004043623,4.658926564,2.82779789,1.2333118809999999,2.531170144,2.387689382
216,Small states,SST,GDP growth (annual %),,,3.834178933,3.022569522,4.482533644,3.7447907110000003,4.318352942,4.640103984,8.229193381,5.527289968,9.962768087999999,8.432596407,6.260092543,0.82840615,7.059474214,6.482214814,3.167832405,2.57621335,2.538549834,2.674040572,1.866912465,1.921993465,2.026380052
217,Sao Tome and Principe,STP,GDP growth (annual %),,,,,,,2.376877471,6.573472701,3.832227084,7.093770448,9.115646545,3.253604914,8.186171817,2.426281345,6.67198532,4.398201685,3.141975852,4.814794386,6.5499331,3.7983989360000003,4.1723777339999994,3.871185947,2.657693757
218,Suriname,SUR,GDP growth (annual %),1.00000049,5.699998608,2.300001251,-1.400000022,2.09999866,4.20000005,2.8000008889999997,6.299999082,8.500000274,4.5000006919999995,5.7935435889999995,5.111487808,4.143406525,3.01369863,5.168825162,5.849367784,2.690350057,2.93344123,0.255503145,-3.411095864,-5.561193424,1.687083602,1.9
219,Slovak Republic,SVK,GDP growth (annual %),6.619895535,5.925836799,4.076099715,-0.105916496,1.166527158,3.2537868430000003,4.509441533,5.4990838779999995,5.278880348,6.623461609,8.493176949,10.832027900000002,5.57488636,-5.455532237000001,5.720844799,2.864442948,1.895810812,0.6708445820000001,2.7524343310000003,4.821918506,2.1234632209999997,3.04072834,4.033703043
220,Slovenia,SVN,GDP growth (annual %),3.203001975,5.049794373,3.2793681930000003,5.3326668669999995,3.672368992,3.2165610439999996,3.5055993880000003,2.960260248,4.359193036000001,3.797970491,5.746396934,6.980162428,3.5098412260000003,-7.54843872,1.343748476,0.8613290490000001,-2.639438729,-1.0292838309999999,2.76815802,2.210081624,3.121699782,4.833382913,4.118217859
221,Sweden,SWE,GDP growth (annual %),1.614878232,3.099129281,4.261018781000001,4.311229639,4.8745253580000005,1.4679175919999998,2.196059298,2.244606492,4.326131277,2.895893562,4.60248861,3.430883908,-0.242293278,-4.236420514,6.189029435,3.0523235289999997,-0.630974367,1.0878311999999999,2.747287716,4.420799639,2.413038141,2.411851453,2.225238612
222,Eswatini,SWZ,GDP growth (annual %),3.8420536380000003,3.10280535,2.604039401,2.950875211,1.76017389,1.054764931,4.38009899,3.8802136160000003,3.623914301,5.998776347000001,5.992166753999999,4.435375791,0.821663887,1.5650489369999998,3.7937546980000003,2.247230019,5.3913092229999995,3.862271875,0.9131964690000001,2.312465693,1.26829648,2.024962849,2.35100982
223,Sint Maarten (Dutch part),SXM,GDP growth (annual %),,,,,,,,,,,,,,,3.199994022,4.600002996000001,1.39054667,1.306727883,1.5803846380000002,0.50906595,0.43250626,-8.425883953,
224,Seychelles,SYC,GDP growth (annual %),4.917525348,11.96155598,8.403398525,1.8720065869999998,1.514338815,-2.271162762,1.212831267,-5.887127528,-2.850453659,9.005761428,9.40612788,10.42143611,-2.146892655,-1.105245793,5.954962469,7.887279597000001,1.260828834,6.018076825,4.504785244,4.937385619,4.503032666,4.332388099,3.6273515830000003
225,Syrian Arab Republic,SYR,GDP growth (annual %),4.399999998999999,1.800000002,6.337264017000001,-3.553656913,2.742857397,5.20094281,5.9,0.6,6.900000004,6.2,4.999999998,5.699999996,,,,,,,,,,,
226,Turks and Caicos Islands,TCA,GDP growth (annual %),,,,,,,,,,,,,,,,,-2.53,1.36532085,6.70368436,5.9412708279999995,4.399701715,4.275465839,5.2820854939999995
227,Chad,TCD,GDP growth (annual %),2.214473035,5.653392328,6.951579914,-0.682850217,-0.879681025,11.65813465,8.491209819,14.72166701,33.62937185,17.33253374,0.6482620139999999,3.271499579,3.052691532,4.2176955519999995,13.55010086,0.082869798,8.882576072,5.700001362999999,6.899985045,2.767675685,-6.255527085,-2.988695986,2.641330034
228,East Asia & Pacific (IDA & IBRD countries),TEA,GDP growth (annual %),8.940184338,7.028854466,1.746975622,6.110573873,7.504498541,6.706548793,7.854557558,8.722981705,8.936598314,9.716234915,10.78112776,12.15414281,8.433063436,7.695165525,9.777122509,8.46886488,7.509363926,7.2014470820000005,6.75958177,6.510313989,6.375400215,6.471667805,6.2950849710000005
229,Europe & Central Asia (IDA & IBRD countries),TEC,GDP growth (annual %),0.847582038,3.2783959289999998,-0.7309610390000001,2.3663567480000003,7.398904245,2.432261754,4.988184351,6.198470834,7.874296055,6.716082125,7.853406999,7.565981138,4.353246883,-4.871824406,4.764966355,5.801178804,3.335318035,3.6321279239999997,2.343168585,1.2384219109999999,1.949088533,4.144555362,3.1513790910000004
230,Togo,TGO,GDP growth (annual %),8.836211627,14.37737757,-2.299876563,2.481751429,-0.7834796070000001,-1.6268062719999998,-0.92215102,4.954397667,2.119065316,1.180406952,4.052412548,2.290453886,4.062252828,5.537910972000001,6.099259161,6.398199052000001,6.543507031,6.112343077999999,5.920588571000001,5.742868453,5.559079306,4.357413915,4.91014754
231,Thailand,THA,GDP growth (annual %),5.6523739420000005,-2.7535905780000003,-7.633733631,4.572298368999999,4.455676031,3.444243766,6.148879817,7.189329965,6.289288549,4.187834924,4.967916824,5.43509257,1.7256679080000001,-0.6907333459999999,7.513590657999999,0.839959472,7.242786605,2.6873799189999996,0.9844140640000001,3.1338969619999997,3.356488872,4.024085781,4.129226103
232,Tajikistan,TJK,GDP growth (annual %),-16.69999844,1.680674136,5.312867659,3.6995507169999997,8.324324495,9.580836178,10.83789166,10.92850851,10.37037376,6.644293717999999,7.048458927,7.760139303,7.910529532999999,3.89282113,6.520680751,7.400640543,7.486175224,7.400081256,6.705968167999999,6.008287872,6.872963797000001,7.617492691,7.3000002870000005
233,Turkmenistan,TKM,GDP growth (annual %),6.699992161,-11.40000023,7.100000344,16.4999995,5.469064133,4.3438457139999995,0.257179925,3.26882856,5.000407438,13.03403487,10.97330833,11.05929947,14.7,6.100000115,9.199999988,14.69999993,11.09999996,10.200000099999999,10.29999997,6.49999991,6.199999966,6.500000047,6.199999941000001
234,Latin America & the Caribbean (IDA & IBRD countries),TLA,GDP growth (annual %),3.504732292,5.167504957,2.168404592,-0.065353207,3.7791672689999998,0.7269582929999999,0.257323246,1.581872885,6.307185597,4.342727251,5.364731625,5.667810038,4.066514005,-1.8998991530000002,6.046729136000001,4.523372641,2.8496700410000004,2.828033922,1.0393056059999999,-0.41304292,-1.503127684,0.7331413659999999,0.562073763
235,Timor-Leste,TLS,GDP growth (annual %),,,,,,9.202676489,-6.866723156,-1.182372145,64.08129419,35.88010245,41.67729234,5.265406203,9.923218296,-6.041630271,-1.1720631320000001,11.45790791,5.023124781,-11.086221,-25.90717227,20.62560288,0.706713575,-9.153987747999999,2.813982292
236,Middle East & North Africa (IDA & IBRD countries),TMN,GDP growth (annual %),6.128215235,3.1892228869999997,6.754877961,4.231841196,4.552534594,2.311654274,3.43616203,2.722651597,7.997729968,4.499333406,5.556048937999999,6.1010651970000005,3.513155238,2.514080311,5.248076032,-1.01823439,2.7811929610000004,1.662708893,2.112850252,0.958014158,7.725701591,2.8862013639999997,
237,Tonga,TON,GDP growth (annual %),0.010215895,-0.131583413,2.718812655,3.881704581,3.369839694,3.601788655,3.4188766489999995,2.108581656,-0.351420004,1.582168376,-0.8122221140000001,-4.165775722,3.099519869,2.290612704,3.5856573710000004,2.785145889,0.890322581,-3.1206036580000003,2.072607261,3.71184687,3.37947375,2.7,0.299994245
238,South Asia (IDA & IBRD),TSA,GDP growth (annual %),6.8940133889999995,3.8125485510000003,5.631322915,7.824374595,4.062852223,4.329028988,3.722941115,7.282163299,7.561854912,7.718532787000001,7.74483738,7.332297281000001,3.2376910989999996,7.1340321620000005,7.703421078,5.137558062,5.501942162000001,6.087500816,6.99255791,7.480317555,7.706871473,6.926782565,6.662698102
239,Sub-Saharan Africa (IDA & IBRD countries),TSS,GDP growth (annual %),5.109887607,3.596799861,2.3652381080000002,2.163639871,3.501989335,4.261430959,6.338785497000001,4.254953015,6.525670517000001,6.20858523,6.142079614,6.618824275,5.358058508,3.041041724,5.581426061,4.448567999,4.044836331,5.004043623,4.658926564,2.82779789,1.2333118809999999,2.531170144,2.387689382
240,Trinidad and Tobago,TTO,GDP growth (annual %),7.134477465,7.522854626,8.124563997000001,8.024817644,6.901359591,4.168523982,7.9367096870000005,14.44098954,7.950051511,6.20893788,13.20805861,4.754209701000001,3.3917370780000002,-4.391729247,3.32322471,-0.294354409,1.269964365,2.229074805,-0.912544969,1.8231846969999999,-6.2964469560000005,-2.312115621,-0.24521369699999998
241,Tunisia,TUN,GDP growth (annual %),7.146080839,5.440943436,4.783762572,6.054634515,4.709859945,3.7961838269999997,1.322563618,4.702411815,6.235793869,3.486535815,5.244195185,6.709620392000001,4.237776836,3.043448955,3.510608639,-1.91717768,3.9976740019999997,2.8755238419999998,2.971398345,1.194541753,1.262528588,1.824675328,2.4828268380000003
242,Turkey,TUR,GDP growth (annual %),7.379664474,7.577663643999999,2.308213468,-3.3893048869999998,6.6400611210000005,-5.962310755,6.430278636000001,5.608255095,9.644322585,9.009853307,7.109703427,5.03045759,0.845251454,-4.70446591,8.487372139,11.11349557,4.789940281,8.491309299,5.166690718,6.085886616,3.183831547,7.4708668860000005,2.82677612
243,Tuvalu,TUV,GDP growth (annual %),-5.961361169,10.00322432,15.50121998,-1.563791371,-0.9705998140000001,1.634107644,7.886174359,-3.333536533,-1.352181114,-3.7797299619999998,2.138938329,6.350564875,7.983260905,-4.432851394,-2.729427912,7.515954206,-3.835748821,4.576823704,1.3480126819999998,9.142893933,3.0347231530000003,4.094017717,2.5
244,Tanzania,TZA,GDP growth (annual %),4.544366802,3.5252781910000004,3.708511596,4.863863755,4.520784635,6.070808287999999,7.093194984,6.672789829,7.50381466,7.476319257999999,6.53222139,6.768535202000001,5.68641686,5.269105248,6.336523427,7.672155435,4.50015356,6.781585601000001,6.732461868,6.160628774,6.8671161960000004,6.785680114,5.444967632000001
245,Uganda,UGA,GDP growth (annual %),9.072114582000001,5.100001863999999,4.905265484,8.053948377000001,3.141907338,5.1836611260000005,8.732685764,6.473258671,6.807233344,6.3325651160000005,10.78474439,8.412425966,8.708751901,6.801517348,5.637599803,9.391667749,3.8374556060000002,3.586905826,5.106307323999999,5.187859863,4.781000291000001,3.8630237569999997,6.152354913
246,Ukraine,UKR,GDP growth (annual %),-9.999999974,-3.000000027,-1.8999999840000001,-0.19999999699999998,5.9,9.203694816,5.249299452,9.515954967999999,12.10875517,2.997359032,7.439902401,7.593469648999999,2.3040287790000002,-14.75854536,3.8343876989999996,5.465531905,0.238681306,-0.026729648999999998,-6.552618891,-9.772973947,2.440994738,2.4660534519999997,3.3354893089999997
247,Upper middle income,UMC,GDP growth (annual %),4.48129872,5.127049535,2.363050311,2.793928459,5.975047581,3.106000484,4.219914547,5.186816444,7.969219142,7.130977845,8.20240385,8.87258276,5.858251613999999,1.519047794,7.516105897999999,6.243945066,5.105976581,4.969435995,4.047585816000001,3.2011272789999996,3.471526912,4.314281962,3.966925346
248,Uruguay,URY,GDP growth (annual %),5.577957757999999,8.547683232,4.518890072,-1.939212135,-1.92993064,-3.8441299669999998,-7.732007212,0.805283917,5.004160365,7.460132112,4.098577347,6.541510849,7.176144661,4.243494195,7.803409655,5.162133022,3.538178722,4.63753863,3.238791229,0.370741256,1.6897981619999998,2.591338692,1.620083629
249,United States,USA,GDP growth (annual %),3.772501319,4.447216343,4.481407555,4.753235988999999,4.127484014,0.998340795,1.74169525,2.8612107669999998,3.798891127,3.5132137969999997,2.854972292,1.8761714580000002,-0.136579805,-2.536757066,2.5637665590000003,1.5508355059999999,2.249545852,1.842081071,2.451973035,2.8809104660000004,1.56721517,2.21701033,2.927322728
250,Uzbekistan,UZB,GDP growth (annual %),1.700000004,5.199999997,4.3,4.300000003,3.834999999,4.16383825,3.973488192,4.2326273819999995,7.449000605,6.950007197000001,7.451418476000001,9.473005305,9.029161017,8.050933328,7.597167961,7.784829533,7.375643784,7.584581465,7.179408857,7.447673769,6.094196403,4.461539733,5.122118113
251,St. Vincent and the Grenadines,VCT,GDP growth (annual %),1.287125179,3.505823414,4.089483241,2.7109179410000004,1.6391788809999999,1.7092636030000001,6.321647576,7.689791237000001,4.15628429,2.488004855,7.688360969,3.342560091,1.584471793,-2.099061259,-3.35352589,-0.41935148200000005,1.382420411,1.832791965,1.21403892,1.330275498,1.897440944,1.000357879,2.163128944
252,"Venezuela, RB",VEN,GDP growth (annual %),-0.197837257,6.370931401,0.294055161,-5.970458146,3.686944167,3.3942361080000003,-8.855647353,-7.75530005,18.28660669,10.317913800000001,9.872149109,8.753578808,5.277854124,-3.2023026569999997,-1.4887912509999999,4.176425359,5.625956975,1.3430940359999999,-3.894386475,-6.221371027000001,-17.0403346,-15.67140887,-19.62145259
253,British Virgin Islands,VGB,GDP growth (annual %),,,,,,,,,,,,,,,,,,,,,,,
254,Virgin Islands (U.S.),VIR,GDP growth (annual %),,,,,,,,-0.334104343,2.9396596180000003,3.632264529,3.6258158089999997,4.03545603,0.941704036,-6.64149267,0.904116108,-8.158453195,-15.01925546,-5.83081571,-0.866217517,0.194174757,0.904392765,-1.696542894,
255,Vietnam,VNM,GDP growth (annual %),9.340017496,8.152084143,5.764455464,4.773586881,6.787316408,6.192893312000001,6.3208209879999995,6.899063492000001,7.536410612,7.547247727,6.977954812,7.129504484,5.661771207999999,5.397897542999999,6.423238217000001,6.240302749,5.247367156,5.421882991,5.983654637000001,6.679288789,6.210811668,6.81224566,7.075788617000001
256,Vanuatu,VUT,GDP growth (annual %),2.328455171,4.913239831,4.301466021,0.334788215,5.922044539,-3.4885077589999995,-5.111218569,4.2934311780000005,3.984754831,5.30285231,8.465159865,5.173513258,6.448521358,3.312815802,1.629081596,1.223225535,1.754749927,1.96914608,2.331006215,0.2,3.5,4.4,3.2
257,World,WLD,GDP growth (annual %),3.378780883,3.682507945,2.553423129,3.2433365110000003,4.3835441610000005,1.949444147,2.1763851030000003,2.9568498510000003,4.4029545180000005,3.914924068,4.3795074089999995,4.319258123,1.8505614959999999,-1.678924932,4.298922592,3.132980919,2.507634092,2.65436272,2.8331856839999996,2.80594404,2.4815006459999998,3.1088154169999997,2.973629191
258,Samoa,WSM,GDP growth (annual %),7.178965897,0.643424781,2.194886325,2.1854388559999998,6.918790298999999,6.93976583,4.343995595,4.515479143,4.625001948,4.156492103,1.9688079319999998,6.322641762999999,1.009086658,-4.8082722,0.47915871299999996,4.173394085,-4.088722796,-0.41884506,0.07824544900000001,4.2721894869999995,8.054157728,1.015561822,-2.168099125
259,Kosovo,XKX,GDP growth (annual %),,,,,,26.97391784,-0.7009482890000001,5.980145596,2.612126758,6.033229747999999,4.503031756,7.286082986,2.642619224,3.597140955,3.3086330110000004,4.377008308,2.809625684,3.4414691019999997,1.222802578,4.095280928999999,4.070291964,4.226087389,3.8133135410000003
260,"Yemen, Rep.",YEM,GDP growth (annual %),4.634967317,5.23111204,6.006694598999999,3.7755304960000005,6.181915592999999,3.8036458719999997,3.935231505,3.747398185,3.9726964010000003,5.591748076,3.1704093589999998,3.3384279560000003,3.64756947,3.866229516,7.70230704,-12.7148969,2.392990209,4.823519066999999,-0.18869023199999999,-16.67846313,-13.62145844,-5.942319503999999,-2.701474865
261,South Africa,ZAF,GDP growth (annual %),4.299998961,2.6000021159999998,0.500000905,2.399996245,4.200003476,2.699994567,3.700382352,2.949079137,4.554552745,5.277056312,5.603797657,5.360475891,3.191046741,-1.5380893340000001,3.039730814,3.284168142,2.213354808,2.4852005,1.846991604,1.193732801,0.39908793,1.414512626,0.78705557
262,Zambia,ZMB,GDP growth (annual %),6.2185464889999995,3.814007497,-0.385746146,4.650189746000001,3.8973229430000003,5.316868274,4.50601428,6.9449739820000005,7.032395115,7.235599007,7.903694445,8.352436244,7.773895815,9.220348406,10.29820585,5.564624717,7.597616969,5.0593763780000005,4.695826373,2.91988111,3.757177805,3.403168851,3.794900917
263,Zimbabwe,ZWE,GDP growth (annual %),10.36069677,2.680594174,2.885211806,-0.8178210159999999,-3.059189762,1.439615384,-8.894023633,-16.99507469,-5.807538055,-5.71108368,-3.4614951919999997,-3.653326859,-17.66894629,12.01955993,19.67532314,14.19391296,16.66542877,1.9894927619999998,2.376929327,1.7798727030000001,0.7558692509999999,4.704035348000001,6.159189798
