Country Name,Country Code,Indicator Name,2008,2009,2010,2011,2012,2013,2014,2015,2016,2017,2018
Aruba,ABW,GDP growth (annual %),-0.090707754,-10.51974761,-3.685029581,3.44605475,-1.369863014,4.198232323,0.84822781,-0.450585761,-0.211225106,1.330511037,
Afghanistan,AFG,GDP growth (annual %),3.924983823,21.39052841,14.36244146,0.426354793,12.75228708,5.600744661,2.724543365,1.451314655,2.260314205,2.665292046,1.030660058
Angola,AGO,GDP growth (annual %),11.16613833,0.858712615,4.859219584,3.471981372,8.542147337,4.954590478,4.822625549,0.943575613,-2.58009724,-0.147207426,-2.133493257
Albania,ALB,GDP growth (annual %),7.49996956,3.350067393,3.706891433,2.545322651,1.417524408,1.001988709,1.774486771,2.21875146,3.314804753,3.821081417,4.145237936
Andorra,AND,GDP growth (annual %),-8.590003787,-3.69065351,-5.358825775,-4.646543052,-1.615218183,0.351645002,2.277683153,0.842203518,1.889124387,1.724022237,1.629345471
Arab World,ARB,GDP growth (annual %),5.822453363,0.426422635,4.768836619,3.62959887,6.658109668,3.168556916,2.439528417,3.306346262,3.372624384,0.832435499,2.045975654
United Arab Emirates,ARE,GDP growth (annual %),3.191836276,-5.242921907,1.602809961,6.930271629,4.484626085,5.053345825,4.284303689,5.105936984,3.060964305,0.490860761,1.726349343
Argentina,ARG,GDP growth (annual %),4.057233103,-5.918525076,10.12539816,6.003951693,-1.026420454,2.405323781,-2.512615321,2.731159828,-2.080327844,2.668590379,-2.481792445
Armenia,ARM,GDP growth (annual %),6.900000002,-14.14998864,2.199999998,4.699999999,7.200000004,3.3,3.600000001,3.199999999,0.2,7.500000002,5.2
American Samoa,ASM,GDP growth (annual %),-2.613480055,-4.237288136,0.442477876,0.293685756,-4.39238653,-2.756508423,0.94488189,1.404056162,-2.769230769,-5.85443038,2.18487395
Antigua and Barbuda,ATG,GDP growth (annual %),-0.030133268,-12.10753619,-7.574357218,-1.958612628,3.3728662,-0.600876397,3.795727613,3.825293099,5.497788456,3.145543603,7.389197162
Australia,AUS,GDP growth (annual %),3.657912651,1.93692177,2.067465677,2.462786173,3.918161772,2.584875111,2.533115447,2.192640028,2.770656693,2.367617253,2.940333582
Austria,AUT,GDP growth (annual %),1.460423676,-3.764578178,1.837093677,2.922797284,0.680445577,0.025504712,0.661272849,1.014501586,2.082608428,2.476443921,2.419763638
Azerbaijan,AZE,GDP growth (annual %),10.59143729,9.369502784,4.78883271,-1.572997621,2.202939023,5.84267327,2.797289382,1.050750982,-3.064200035,-0.282011197,1.412873527
Burundi,BDI,GDP growth (annual %),4.861712995,3.812746937,5.124163303,4.032602496,4.446708222,4.924195261,4.240651644,-3.900003086,-0.600020001,0.500009999,1.609933082
Belgium,BEL,GDP growth (annual %),0.446916545,-2.020725816,2.864285327,1.694497446,0.739229905,0.45922805,1.57852323,2.032788973,1.511106034,1.964192755,1.458405353
Benin,BEN,GDP growth (annual %),4.889898637,2.32930121,2.110199297,2.962750351,4.816478241,7.189716312,6.351831941,2.095808383,3.96485991,5.837823305,6.858002271
Burkina Faso,BFA,GDP growth (annual %),7.29449815,2.962014371,5.373373126,6.626865192,6.452698755,5.792589317,4.326837357,3.894548057,5.906024993,6.34991812,6.832388103
Bangladesh,BGD,GDP growth (annual %),6.013789759,5.045124794,5.571802274,6.46438388,6.521435078,6.013610365,6.061059359,6.552652796,7.113489474,7.284184092,7.863708893
Bulgaria,BGR,GDP growth (annual %),6.021883402,-3.586145625,1.324087801,1.914905853,0.030969869,0.493921421,1.837521148,3.471186041,3.936758149,3.811248158,3.081157234
Bahrain,BHR,GDP growth (annual %),6.241836482,2.540515119,4.336776264,1.983515012,3.728209851,5.416834514,4.350294067,2.863047304,3.473516575,3.803522262,1.776728358
"Bahamas, The",BHS,GDP growth (annual %),-2.323966973,-4.175260401,1.538777407,0.612897452,3.086879177,-2.952095607,0.736540805,0.5975763,0.446254968,0.066664463,1.565759936
Bosnia and Herzegovina,BIH,GDP growth (annual %),5.4267266,-3.002752537,0.767248702,0.908249218,-0.699622321,2.351036504,1.148034196,3.088222848,3.145651329,2.127645789,3.62354616
Belarus,BLR,GDP growth (annual %),10.19999944,0.19999531,7.798266823,5.37870745,1.687135536,1.003470841,1.726384854,-3.829570558,-2.526446436,2.5321835,3.04990555
Belize,BLZ,GDP growth (annual %),3.228855669,0.670801477,3.383471706,2.162606822,2.937812628,0.851934628,3.692371465,3.431950484,-0.58802365,1.437288946,3.035403657
Bermuda,BMU,GDP growth (annual %),1.52789391,-5.284177149,-2.094113534,-3.33949441,-4.834540171,-2.511154431,,,,,
Bolivia,BOL,GDP growth (annual %),6.148497195,3.357001259,4.126719369,5.204095947,5.122274661,6.796011706,5.460567154,4.857188015,4.263919504,4.195209367,4.223624932
Brazil,BRA,GDP growth (annual %),5.094195447,-0.125811999,7.52822583,3.974425406,1.921150318,3.004865355,0.50396179,-3.545871574,-3.305358252,1.063832555,1.11758735
Barbados,BRB,GDP growth (annual %),0.912295252,-4.859256215,-2.170391966,-0.794701987,-0.066755674,-1.369405478,-0.169319336,2.204884668,2.279013165,-0.173066522,-0.498428866
Brunei Darussalam,BRN,GDP growth (annual %),-1.939714638,-1.764535541,2.598965746,3.745318352,0.912841671,-2.126028517,-2.34974675,-0.566814609,-2.465514923,1.328602552,0.052237791
Bhutan,BTN,GDP growth (annual %),4.768354226,6.657223796,11.73085436,7.890913893,5.071709815,2.142496554,5.745455168,6.644564258,8.022101221,4.629101391,2.290648193
Botswana,BWA,GDP growth (annual %),6.245437363,-7.652310203,8.563631748,6.048316367,4.456167213,11.34342425,4.149289893,-1.697965616,4.303737457,2.907531122,4.453584566
Central African Republic,CAF,GDP growth (annual %),2.054130962,8.587260426,4.630818432,4.194615337,5.053761254,-36.3919771,0.081070515,4.33712103,4.750316841,4.527278213,3.789443593
Canada,CAN,GDP growth (annual %),1.007622675,-2.928400179,3.089494641,3.146881364,1.762278244,2.330174773,2.868453971,0.689906522,1.107099385,2.978565954,1.896974756
Central Europe and the Baltics,CEB,GDP growth (annual %),3.91383746,-3.45012363,1.59599612,3.230668304,0.761745531,1.259778578,3.041185839,3.908287794,3.050636943,4.79903515,4.305527225
Switzerland,CHE,GDP growth (annual %),2.154744118,-2.222111937,3.002798245,1.69275218,1.006077812,1.852035453,2.449179525,1.333388501,1.722649108,1.799476694,2.750516981
Channel Islands,CHI,GDP growth (annual %),,,,,,,,,,,
Chile,CHL,GDP growth (annual %),3.529530553,-1.564239443,5.844177296,6.110918829,5.318628,4.045004298,1.766739784,2.303767036,1.670540173,1.279183341,4.024652965
China,CHN,GDP growth (annual %),9.654289373,9.399813171,10.63614046,9.55091409,7.859627493,7.768615284,7.299518921,6.90531667,6.736675253,6.757007611,6.56697386
Cote d'Ivoire,CIV,GDP growth (annual %),2.542841476,3.251453719,2.017638592,-4.387254788,10.7065041,8.889421302,8.79407739,8.84285995,7.971751186,7.702089422,7.433071625
Cameroon,CMR,GDP growth (annual %),3.488800919,2.198664102,3.422507641,4.129277161,4.543265016,5.40426571,5.884059327,5.651463744,4.648481551,3.549087318,4.062405319
"Congo, Dem. Rep.",COD,GDP growth (annual %),6.225894269,2.85506401,7.107976576,6.87467089,7.086898947,8.481956636,9.470288097,6.91618781,2.399379098,3.726947653,5.757932738
"Congo, Rep.",COG,GDP growth (annual %),5.572233235,7.468942484,8.751601459,3.420665681,3.799971313,3.440705249,6.779916158,2.646485877,-2.800018788,-3.1,1.025554207
Colombia,COL,GDP growth (annual %),3.257048465,1.205422095,4.347553268,7.362530914,3.903054219,4.566869773,4.728312246,2.955945907,2.087382502,1.351326676,2.569220988
Comoros,COM,GDP growth (annual %),3.999971991,3.200113112,3.799933455,4.099846955,3.200272903,4.499874215,2.100006438,1.116140583,3.320680025,3.815702113,3.430764136
Cabo Verde,CPV,GDP growth (annual %),6.650520523,-1.270425968,1.466790097,3.968886345,1.081918279,0.802797601,0.611212666,1.006863707,4.705791509,3.702039188,5.077550829
Costa Rica,CRI,GDP growth (annual %),4.649598233,-0.970548313,4.951863844,4.30710166,4.796919919,2.2690274,3.515338564,3.631731442,4.245989878,3.397181701,2.633984968
Caribbean small states,CSS,GDP growth (annual %),1.294787232,-3.62792622,1.250290775,1.01790352,1.270686755,0.778487477,0.49330215,1.180209608,-1.651455047,-0.193581552,1.261314459
Cuba,CUB,GDP growth (annual %),4.116828042,1.451305431,2.390352297,2.802300836,3.014900289,2.747602563,1.047576632,4.438141959,0.513761468,1.809054399,2.248480393
Curacao,CUW,GDP growth (annual %),2.188044622,-0.53130945,0.08230596,0.612608577,-0.138917069,-0.794106769,-1.138838621,0.278694931,-0.986569701,-1.73976542,-2.166132047
Cayman Islands,CYM,GDP growth (annual %),-0.357401201,-7.200482447,-2.715635262,1.169062198,1.229753657,1.27933102,2.654527985,2.833122226,3.096282182,3.039349203,
Cyprus,CYP,GDP growth (annual %),3.646811991,-2.015262359,2.014695707,0.401437941,-3.446822086,-6.553078255,-1.863739818,3.374687062,6.746583679,4.361228837,4.060191762
Czech Republic,CZE,GDP growth (annual %),2.682282726,-4.802572092,2.273420054,1.777833186,-0.799844281,-0.483671042,2.715116133,5.309238518,2.450542386,4.35260352,2.957784473
Germany,DEU,GDP growth (annual %),0.962266442,-5.697151628,4.178969038,3.924133418,0.41955108,0.428243262,2.225688749,1.739749823,2.229999967,2.465030029,1.527446298
Djibouti,DJI,GDP growth (annual %),,,,,,,7.061543242,7.675070086,6.918584624,5.076899643,5.460190759
Dominica,DMA,GDP growth (annual %),7.120741901,-1.169757154,0.672542759,-0.22367684,-1.058786064,-0.999781098,4.447947365,-2.691108924,2.556494913,-6.79942797,2.264570234
Denmark,DNK,GDP growth (annual %),-0.512016735,-4.906547729,1.87099111,1.336777778,0.226499797,0.933340957,1.619393817,2.34259043,3.245957666,2.036165206,2.391329685
Dominican Republic,DOM,GDP growth (annual %),3.209504264,0.94615517,8.339651056,3.133423005,2.7173679,4.875205089,7.05046369,6.927018774,6.659200262,4.666704676,6.982527584
Algeria,DZA,GDP growth (annual %),2.4,1.6,3.6,2.9,3.4,2.8,3.8,3.7,3.2,1.3,1.4
East Asia & Pacific (excluding high income),EAP,GDP growth (annual %),8.432427757,7.694499905,9.776616957,8.468349516,7.508684888,7.201030923,6.759310644,6.509981299,6.375060811,6.471301191,6.294999734
Early-demographic dividend,EAR,GDP growth (annual %),3.461072963,0.631662327,6.168476833,4.966815472,4.235538156,4.298651873,4.006131588,4.195225463,3.961125905,4.095201822,3.517498599
East Asia & Pacific,EAS,GDP growth (annual %),3.52452374,1.375817596,7.051549004,4.611257722,4.689786496,4.75565239,4.141683305,4.141112985,4.057325585,4.591922496,4.197954189
Europe & Central Asia (excluding high income),ECA,GDP growth (annual %),4.423591912,-5.920861066,5.074638427,6.039694256,3.700003282,4.038719523,2.240814378,0.836003816,1.755043904,4.039172052,2.850265288
Europe & Central Asia,ECS,GDP growth (annual %),1.03311593,-4.437010049,2.62924107,2.39944435,0.293112991,0.901828663,1.831859075,2.047392529,1.94012948,2.758171485,2.137992757
Ecuador,ECU,GDP growth (annual %),6.3571306,0.566491592,3.525298669,7.868140919,5.641962067,4.946511267,3.788868549,0.098872608,-1.226383985,2.368386526,1.37712703
"Egypt, Arab Rep.",EGY,GDP growth (annual %),7.156283564,4.6735998,5.147234859,1.764571949,2.226199797,2.185466055,2.915911879,4.372019079,4.346643453,4.181221001,5.314121037
Euro area,EMU,GDP growth (annual %),0.421095192,-4.501257151,2.133539103,1.686520553,-0.892157629,-0.252894811,1.401016227,2.113835385,1.91021306,2.542169155,1.899849965
Eritrea,ERI,GDP growth (annual %),-9.783030037,3.87650156,2.194190545,8.679799936,,,,,,,
Spain,ESP,GDP growth (annual %),0.887145182,-3.763231927,0.163010231,-0.814373455,-2.959441302,-1.435394259,1.383907943,3.83517266,3.03130133,2.891768107,2.351008131
Estonia,EST,GDP growth (annual %),-5.088942211,-14.43386864,2.706902753,7.441584819,3.110234555,1.346187836,2.987325819,1.84488518,2.631567906,5.748802092,4.761158469
Ethiopia,ETH,GDP growth (annual %),10.78852169,8.802553198,12.55053835,11.17829623,8.647811633,10.58227005,10.25749296,10.39246302,9.433482658,9.503858571,6.810169391
European Union,EUU,GDP growth (annual %),0.515608296,-4.315447798,2.168118829,1.791123977,-0.422809861,0.264743448,1.738959159,2.352837328,2.039217766,2.597720526,2.01485496
Fragile and conflict affected situations,FCS,GDP growth (annual %),5.517676194,4.626409775,6.594050772,-5.419554529,12.38056154,3.84411474,1.09020852,2.230698493,5.8940447,2.765788317,1.969292791
Finland,FIN,GDP growth (annual %),0.784016801,-8.074615574,3.185911569,2.547530321,-1.39735454,-0.902018494,-0.364940286,0.560595415,2.627998449,3.05128111,1.671438881
Fiji,FJI,GDP growth (annual %),1.03279422,-1.386037708,2.954672422,2.705143029,1.411314382,4.73421949,5.603514887,4.663807838,2.509785497,5.425740314,3.526209372
France,FRA,GDP growth (annual %),0.254945946,-2.873313852,1.949437633,2.192700652,0.313134742,0.576326679,0.956183048,1.112912341,1.095464395,2.260202721,1.724880627
Faroe Islands,FRO,GDP growth (annual %),,,,,,,,,,,
"Micronesia, Fed. Sts.",FSM,GDP growth (annual %),-2.408525619,1.093130091,2.259373637,3.188555315,-1.866790542,-3.679786534,-2.305778627,4.621898281,0.900187187,2.682178867,0.211658399
Gabon,GAB,GDP growth (annual %),-3.308430649,0.13033112,7.089887315,7.091753343,5.251076918,5.638699003,4.314964441,3.878899395,2.091442208,0.479762271,0.835804969
United Kingdom,GBR,GDP growth (annual %),-0.28115359,-4.247821747,1.949521482,1.540147368,1.478923947,2.139485701,2.607475906,2.355524306,1.918155106,1.892077038,1.38567357
Georgia,GEO,GDP growth (annual %),2.418572208,-3.650513994,6.249487789,7.4,6.4,3.6,4.4,3,2.9,4.8,4.8
Ghana,GHA,GDP growth (annual %),9.149798975,4.844486998,7.899711889,14.04712363,9.292789405,7.312525007,2.897438837,2.178206744,3.447792991,8.143446549,6.263480732
Gibraltar,GIB,GDP growth (annual %),,,,,,,,,,,
Guinea,GIN,GDP growth (annual %),4.133009508,-1.122641858,4.813362961,5.61210719,5.915288139,3.945685431,3.696541182,3.825922386,10.82062122,10.30000083,6.163853325
"Gambia, The",GMB,GDP growth (annual %),6.255905534,6.665724308,5.90833581,-8.130444223,5.241569246,2.87276879,-1.407382495,4.058073804,1.943359655,4.822611249,6.547026565
Guinea-Bissau,GNB,GDP growth (annual %),3.203567307,3.368974958,4.6109709,8.084779734,-1.712683012,3.255904265,0.964560751,6.134082941,6.262805638,5.919176626,3.799999992
Equatorial Guinea,GNQ,GDP growth (annual %),17.79910913,1.343356288,-8.924175889,6.52392363,8.312871844,-4.133198501,0.415066302,-9.110041149,-8.816417232,-4.685683868,-6.128749289
Greece,GRC,GDP growth (annual %),-0.335172577,-4.300733661,-5.479037102,-9.13249413,-7.300493961,-3.241425056,0.739777139,-0.437833938,-0.190952296,1.505099339,1.934370827
Grenada,GRD,GDP growth (annual %),0.947542625,-6.613281348,-0.511262754,0.764976824,-1.155143735,2.351418773,7.344076522,6.443143733,3.735614132,4.459048241,4.17721519
Greenland,GRL,GDP growth (annual %),6.166132702,0.865952329,1.735825059,-0.496519392,1.39419336,-1.298280693,4.742135673,-2.529318024,4.68195411,0.468546638,3.218027331
Guatemala,GTM,GDP growth (annual %),3.28107984,0.526042983,2.869487756,4.16204894,2.969857401,3.697585601,4.174169137,4.140044358,3.092482558,2.760334857,3.145043317
Guam,GUM,GDP growth (annual %),1.728922092,0.314729333,2.091612633,0.12292563,2.025782689,1.825110309,1.733307071,0.464666021,0.289073039,0.24980784,-0.26835346
Guyana,GUY,GDP growth (annual %),1.976647054,3.552158264,4.13856435,5.196059258,5.276422643,5.017724952,3.898243206,3.05486454,3.363216124,2.100003391,4.10000155
High income,HIC,GDP growth (annual %),0.383327004,-3.319027588,2.962967969,1.858678015,1.281768594,1.439831825,2.026101924,2.330355715,1.713476258,2.302777126,2.237871305
"Hong Kong SAR, China",HKG,GDP growth (annual %),2.127908789,-2.459075001,6.76759015,4.814695863,1.700285359,3.101558647,2.762396425,2.387770814,2.176398369,3.84949281,3.002475556
Honduras,HND,GDP growth (annual %),4.23160011,-2.43162788,3.731140344,3.835690662,4.128687749,2.791559757,3.058080562,3.840079971,3.892972197,4.788026945,3.745584746
Heavily indebted poor countries (HIPC),HPC,GDP growth (annual %),6.063056105,4.252004229,5.892584135,4.508236613,5.709899865,5.755457913,5.539202883,4.910489555,4.634420164,5.115397997,4.112241213
Croatia,HRV,GDP growth (annual %),1.759531746,-7.359498022,-1.496259495,-0.309847287,-2.237705463,-0.548518694,-0.103868249,2.437139302,3.483525422,3.139195999,2.630785623
Haiti,HTI,GDP growth (annual %),0.843944574,3.083247861,-3.12239443,5.523740015,2.892240172,4.247639994,2.776300137,1.224329778,1.452710152,1.17328004,1.483879788
Hungary,HUN,GDP growth (annual %),1.058291669,-6.699554727,0.664291825,1.819079958,-1.471788851,1.962984049,4.195082409,3.845557706,2.199998761,4.322809001,5.094002564
IBRD only,IBD,GDP growth (annual %),5.550649177,2.022673624,7.311064043,5.998632349,5.030928457,4.966623995,4.272410225,3.664052718,3.946365494,4.600682981,4.343148102
IDA & IBRD total,IBT,GDP growth (annual %),5.538218555,2.229417929,7.239259857,5.903360979,5.009266292,5.029774489,4.364361373,3.698303782,3.893837072,4.575492951,4.34254536
IDA total,IDA,GDP growth (annual %),5.356265661,5.229467148,6.229067874,4.549364003,4.696646847,5.944046261,5.683317597,4.183045361,3.150881719,4.216460734,4.334098971
IDA blend,IDB,GDP growth (annual %),4.42556395,5.715231261,6.24374515,5.001464341,4.531784131,5.823245241,5.80065289,3.908531289,1.576898025,2.743046051,3.614215937
Indonesia,IDN,GDP growth (annual %),6.0137036,4.628871183,6.223854181,6.169784208,6.030050653,5.557263689,5.006668426,4.8763223,5.033069183,5.067406366,5.171270328
IDA only,IDX,GDP growth (annual %),6.356236885,4.727929928,6.213771155,4.078050199,4.870599186,6.071095782,5.56020142,4.471740324,4.812095853,5.723532463,5.04966817
Isle of Man,IMN,GDP growth (annual %),4.699998522,2.099999803,3.399999672,2.00000146,3.199999724,4.499999713,5.000000801,-0.900000388,7.399999657,3.6,
India,IND,GDP growth (annual %),3.08669806,7.861888833,8.497584702,5.241344743,5.456358951,6.386106401,7.410227605,7.996253786,8.169526505,7.167888861,6.811369326
Not classified,INX,GDP growth (annual %),,,,,,,,,,,
Ireland,IRL,GDP growth (annual %),-4.480383335,-5.079212673,1.809979744,0.343440795,0.225714843,1.351634004,8.556687985,25.16253305,3.677815811,8.145296156,8.169870933
"Iran, Islamic Rep.",IRN,GDP growth (annual %),0.250856553,1.007385458,5.797938302,2.645717918,-7.44455703,-0.194073471,4.60341888,-1.32064512,13.39624446,3.755187367,
Iraq,IRQ,GDP growth (annual %),8.228107104,3.379299094,6.402564845,7.5464712,13.93643017,7.6,0.7,2.477664617,15.21246273,-2.494642939,-0.562745503
Iceland,ISL,GDP growth (annual %),1.991980805,-6.777215052,-3.435878078,1.881619487,1.296436091,4.133851101,2.080287196,4.467860506,7.351475308,4.603781375,4.61147603
Israel,ISR,GDP growth (annual %),2.996483061,0.924262605,5.601137671,4.783497489,2.257237548,4.148054552,3.75820019,2.290092123,3.982046375,3.536703188,3.453702518
Italy,ITA,GDP growth (annual %),-0.962012841,-5.280937208,1.713295839,0.707333347,-2.980905768,-1.841065451,-0.004547542,0.778304351,1.279671128,1.716167381,0.774340013
Jamaica,JAM,GDP growth (annual %),-0.811736703,-4.336650187,-1.466059299,1.730376267,-0.61363604,0.501560583,0.691478109,0.92268214,1.375638727,1.003365318,1.940878147
Jordan,JOR,GDP growth (annual %),7.232408413,5.476580856,2.311392415,2.586784416,2.651170748,2.82876664,3.096330347,2.391695959,2.003733625,2.115732889,1.940292205
Japan,JPN,GDP growth (annual %),-1.0935406,-5.416412797,4.191739259,-0.11542134,1.495089586,2.000267841,0.374719476,1.222921041,0.609093181,1.928757251,0.788455876
Kazakhstan,KAZ,GDP growth (annual %),3.3,1.199999999,7.3,7.400000001,4.8,5.999999999,4.200000001,1.2,1.1,4.1,4.1
Kenya,KEN,GDP growth (annual %),0.232282746,3.306939815,8.405699224,6.10826372,4.563209131,5.878680567,5.357125644,5.718507131,5.8789493,4.862538223,6.319781364
Kyrgyz Republic,KGZ,GDP growth (annual %),8.401615957,2.8862947,-0.471566848,5.956274377,-0.2,10.9,4,3.9,4.3,4.7,3.5
Cambodia,KHM,GDP growth (annual %),6.691577475,0.086696959,5.963078575,7.069569946,7.313345505,7.356665149,7.142571101,7.036087179,7.030966776,7.01503011,7.497963508
Kiribati,KIR,GDP growth (annual %),-2.091436758,0.802751509,-0.923884657,1.594561102,4.713319136,4.214773912,-0.697828087,10.40540793,5.129750525,0.328439777,2.001036031
St. Kitts and Nevis,KNA,GDP growth (annual %),6.487855449,-3.368477723,-2.93665042,1.828435302,-2.228012307,5.383690734,6.284804235,1.033704225,2.826378868,-1.977341942,2.923938817
"Korea, Rep.",KOR,GDP growth (annual %),2.829223173,0.707509946,6.496793586,3.681688569,2.292397846,2.896204935,3.341447761,2.790236167,2.929304795,3.062768462,2.668311402
Kuwait,KWT,GDP growth (annual %),2.479756943,-7.076056431,-2.37055926,9.628436082,6.626388081,1.149038847,0.501132662,0.592763704,2.926121132,-4.712340346,1.246015947
Latin America & Caribbean (excluding high income),LAC,GDP growth (annual %),4.04039272,-1.920661854,6.011047717,4.407756861,2.697425436,2.73044398,0.964740407,-0.5417236,-1.69127274,0.677350739,0.374039219
Lao PDR,LAO,GDP growth (annual %),7.824902763,7.501774913,8.526905517,8.038652681,8.026098434,8.026300226,7.611963441,7.270065843,7.022836255,6.892530873,6.247960008
Lebanon,LBN,GDP growth (annual %),9.248842241,10.05447737,8.037249354,0.917698798,2.720151566,2.619160879,1.884285662,0.415030765,1.6055246,0.551994777,0.199990636
Liberia,LBR,GDP growth (annual %),7.145688998,5.300539377,6.099827602,8.20076584,7.993815693,8.704028066,0.701143912,0,-1.599584075,2.468626095,1.222551313
Libya,LBY,GDP growth (annual %),2.66735579,-0.790141832,5.021289739,-62.07591958,123.1395552,-13.59999997,-24.00000003,-8.862039363,-2.79546889,26.67587012,7.949736798
St. Lucia,LCA,GDP growth (annual %),4.977063729,-1.454036303,0.303818186,4.139375889,-0.287670619,-1.974466829,1.338849057,0.234248586,3.146332373,2.550017764,0.85713557
Latin America & Caribbean,LCN,GDP growth (annual %),3.918384876,-1.881607344,5.841721969,4.387416982,2.784253925,2.753898198,1.001023158,-0.359275094,-1.462464435,0.690910003,0.499146513
Least developed countries: UN classification,LDC,GDP growth (annual %),7.158276115,4.5987099,6.247934911,3.79639356,4.948244537,5.730889345,5.438568571,4.056286395,3.831536693,4.810951841,4.225760139
Low income,LIC,GDP growth (annual %),6.037855002,5.207420982,6.974108199,3.496053488,3.48086483,6.074974249,5.782704988,2.916765143,3.428058787,4.87873752,4.952342246
Liechtenstein,LIE,GDP growth (annual %),1.798087686,-1.157481822,,,,,,,,,
Sri Lanka,LKA,GDP growth (annual %),5.950088145,3.538912053,8.015967371,8.404733021,9.144572246,3.39573265,4.960700592,5.007683305,4.486634531,3.419819189,3.209131128
Lower middle income,LMC,GDP growth (annual %),4.622583404,4.947359231,6.837096979,4.992690213,5.17561654,5.637323299,5.657618588,5.58914361,5.564788227,5.560170533,5.487536129
Low & middle income,LMY,GDP growth (annual %),5.595703957,2.298026162,7.36049603,5.933652537,5.098483539,5.128038337,4.419157892,3.71908801,3.936822505,4.603497321,4.334330166
Lesotho,LSO,GDP growth (annual %),6.739533599,2.154308341,6.42963961,6.630032868,5.899918124,2.155721303,2.817289494,2.71747593,3.218553361,-2.277240349,1.134188171
Late-demographic dividend,LTE,GDP growth (annual %),6.512915759,2.642390268,7.624152677,6.699825693,5.37784589,5.201307792,4.58948643,3.872168606,3.773265641,4.699006312,4.820545015
Lithuania,LTU,GDP growth (annual %),2.628077961,-14.81416316,1.482232441,6.025638091,3.833302764,3.558424631,3.507971217,2.033148074,2.555939567,4.247576754,3.644756532
Luxembourg,LUX,GDP growth (annual %),-1.279585581,-4.358606952,4.864968492,2.539234883,-0.352519229,3.654370259,4.29678635,4.306432538,4.574600283,1.801181703,3.110836266
Latvia,LVA,GDP growth (annual %),-3.346367079,-14.23814673,-4.473441198,6.285118615,4.13423165,2.328004263,1.915190378,3.260524381,1.773809577,3.787313758,4.62077695
"Macao SAR, China",MAC,GDP growth (annual %),3.393868181,1.32131501,25.26350562,21.67270765,9.237314193,11.20009044,-1.201089674,-21.59453159,-0.718343471,9.887584069,5.442542619
St. Martin (French part),MAF,GDP growth (annual %),,,,,,,,,,,
Morocco,MAR,GDP growth (annual %),5.923277686,4.243757321,3.815717917,5.245697297,3.009961262,4.5354242,2.669493927,4.536378168,1.05985639,4.234850054,2.99021417
Monaco,MCO,GDP growth (annual %),0.666833993,-11.3,2.1,7,1,9.6,7.2,4.9,3.5,-3.4,6.1
Moldova,MDA,GDP growth (annual %),7.800000145,-6.000000289,7.100000084,5.818166405,-0.589734135,9.043865528,4.999625584,-0.338235296,4.408886743,4.690793428,3.4
Madagascar,MDG,GDP growth (annual %),6.712632542,-3.978708613,0.619239746,1.578427051,3.011148115,2.300376232,3.339203113,3.132298073,3.993146064,3.933307595,4.564792315
Maldives,MDV,GDP growth (annual %),9.485332661,-7.228841465,7.265129068,8.566733531,2.517383942,7.281073979,7.329626203,2.88454853,6.338300636,6.803666022,6.888817196
Middle East & North Africa,MEA,GDP growth (annual %),4.499418806,0.49654191,5.052412772,3.678615983,3.893885992,2.691438089,2.897347558,2.486937469,4.919007702,1.481786538,2.337762668
Mexico,MEX,GDP growth (annual %),1.143584587,-5.285744137,5.118118143,3.66300793,3.642322679,1.354091962,2.804340128,3.287991599,2.910546459,2.118082347,2.135958121
Marshall Islands,MHL,GDP growth (annual %),-6.753094595,1.443806379,7.555390306,-0.75614346,-2.370339048,3.717627874,-0.939965317,1.591288446,1.306665887,4.056644584,3.62475276
Middle income,MIC,GDP growth (annual %),5.589809772,2.257006457,7.366100914,5.968882886,5.121144441,5.114979888,4.400182555,3.730401118,3.943785422,4.599749086,4.32571925
North Macedonia,MKD,GDP growth (annual %),5.47200139,-0.358614857,3.358750858,2.339886045,-0.455922696,2.924726568,3.629641308,3.855610302,2.848441461,0.240521014,2.664591889
Mali,MLI,GDP growth (annual %),4.773382727,4.6790657,5.413452222,3.240252913,-0.836178866,2.303584809,7.043356204,5.962581591,5.799999995,5.400000103,4.899995745
Malta,MLT,GDP growth (annual %),3.346512731,-2.462277722,3.542683214,1.307152749,2.79120546,4.610879115,8.706315221,10.81818001,5.675698854,6.724325981,6.772328111
Myanmar,MMR,GDP growth (annual %),10.25530539,10.5500091,9.634439452,5.591482378,7.332670447,8.426001025,7.990915597,6.99284029,5.862472915,6.758628824,6.200051072
Middle East & North Africa (excluding high income),MNA,GDP growth (annual %),3.528664577,2.552156128,5.266783609,-0.927726703,2.807976089,1.66709346,2.094613977,0.977211102,7.701688924,2.888166896,
Montenegro,MNE,GDP growth (annual %),7.222789984,-5.795092859,2.734341541,3.228450387,-2.723768654,3.549013918,1.783682046,3.390420876,2.949338685,4.716464962,5.077860201
Mongolia,MNG,GDP growth (annual %),8.900367946,-1.268598941,6.365161685,17.29077758,12.31981985,11.64891619,7.885225482,2.379835807,1.168393456,5.337037933,7.225848899
Northern Mariana Islands,MNP,GDP growth (annual %),-11.0701107,-17.53112033,1.383647799,-7.692307692,0.537634409,2.406417112,3.785900783,3.522012579,28.31105711,25.56818182,-19.60784314
Mozambique,MOZ,GDP growth (annual %),7.289132316,6.31379491,6.488149646,7.403672678,7.258439253,6.963607135,7.398512797,6.72327878,3.824214319,3.741317593,3.428173661
Mauritania,MRT,GDP growth (annual %),1.079967229,-1.042081628,4.773697094,4.704066576,5.795078198,6.090258662,5.579878964,0.43458414,1.843634255,3.073258584,3.554277984
Mauritius,MUS,GDP growth (annual %),5.38696257,3.315076989,4.377203239,4.077538074,3.496118338,3.360406103,3.744575773,3.55307173,3.837932629,3.814152115,3.773818913
Malawi,MWI,GDP growth (annual %),7.639736774,8.328110276,6.874065635,4.854055109,1.885799507,5.199999998,5.700000004,2.799999999,2.484040626,4.000030517,3.5
Malaysia,MYS,GDP growth (annual %),4.831769887,-1.513528719,7.424847386,5.29391284,5.473454192,4.69372252,6.00672195,5.091515721,4.449755765,5.741829576,4.74160645
North America,NAC,GDP growth (annual %),-0.026074875,-2.575785252,2.612908888,1.704176311,2.199215423,1.888626748,2.493015433,2.664205581,1.522581812,2.290582414,2.827113773
Namibia,NAM,GDP growth (annual %),2.649811967,0.2959709,6.039249546,5.091338198,5.061682013,5.614719701,6.351677961,6.086376114,1.123168844,-0.867877052,-0.546332045
New Caledonia,NCL,GDP growth (annual %),,,,,,,,,,,
Niger,NER,GDP growth (annual %),9.587695728,-0.71267743,8.36421953,2.283008487,11.84981918,5.268414897,7.529043068,4.337072369,4.925930933,4.893436692,6.483066704
Nigeria,NGA,GDP growth (annual %),6.764472778,8.036925102,8.005655915,5.307924204,4.230061175,6.671335393,6.309718656,2.652693295,-1.61686895,0.805886619,1.937268069
Nicaragua,NIC,GDP growth (annual %),3.435572996,-3.292815113,4.410481398,6.316709606,6.496747299,4.926792269,4.784525323,4.792731752,4.563542212,4.6757919,-3.816060103
Netherlands,NLD,GDP growth (annual %),2.17032479,-3.666884025,1.342739444,1.551189252,-1.030354007,-0.130175229,1.42339541,1.959169691,2.191713719,2.910902584,2.597453618
Norway,NOR,GDP growth (annual %),0.476379999,-1.727020309,0.701833824,0.981469497,2.703073855,1.034072914,1.969544301,1.967128438,1.071558977,2.323258407,1.289548201
Nepal,NPL,GDP growth (annual %),6.104639142,4.53307872,4.81641465,3.421828241,4.781192258,4.128877676,5.988984661,3.322905439,0.588678499,8.223499488,6.657532668
Nauru,NRU,GDP growth (annual %),34.41929066,8.659698371,13.55082678,11.68452207,10.08655154,34.21498251,36.52409809,2.808191226,10.400004,4.154685104,5.7
New Zealand,NZL,GDP growth (annual %),-1.008893966,-0.213698243,1.539245616,2.334200273,2.225965504,2.575385988,3.715533071,3.584704514,3.645798978,3.128460789,2.773571015
OECD members,OED,GDP growth (annual %),0.249338599,-3.467372895,2.91865623,1.817445542,1.261604196,1.47541547,2.036261299,2.418409285,1.743459517,2.470110208,2.250842061
Oman,OMN,GDP growth (annual %),8.199695813,6.112453761,4.804711285,-1.108745787,9.332675576,4.372615776,2.751031637,4.741250717,4.980170972,0.266797805,1.764087549
Other small states,OSS,GDP growth (annual %),7.523197425,1.85678299,8.357985997,7.599371654,3.554564668,2.890897808,2.873356019,2.903492164,2.432229122,2.223968093,2.135339588
Pakistan,PAK,GDP growth (annual %),1.701405465,2.831658519,1.606688629,2.748405917,3.50703342,4.396456633,4.674707981,4.731147475,5.526735845,5.554276757,5.830241905
Panama,PAN,GDP growth (annual %),9.855654852,1.242992318,5.827839392,11.31373175,9.778903946,6.903272566,5.066743218,5.732763632,4.966420444,5.321230184,3.677013629
Peru,PER,GDP growth (annual %),9.126568301,1.095823659,8.332459107,6.327192402,6.139724706,5.852518211,2.382157372,3.252244772,3.953318715,2.518835442,3.976935718
Philippines,PHL,GDP growth (annual %),4.152756843,1.14833222,7.63226478,3.659751601,6.683818881,7.064024264,6.145298786,6.066548905,6.884055037,6.677553566,6.243737742
Palau,PLW,GDP growth (annual %),-5.584784852,-6.258712711,0.288984328,4.865616251,1.841313621,-1.41418883,4.373413429,10.07512757,0.796679888,-3.517924715,1.705518583
Papua New Guinea,PNG,GDP growth (annual %),-0.296457696,6.800421281,10.1284541,1.107543597,4.657119635,3.824946266,13.54377062,9.483548563,4.077773638,3.537838983,-0.820774238
Poland,POL,GDP growth (annual %),4.249608503,2.820259759,3.606928261,5.0172352,1.607906645,1.391892321,3.318447537,3.839071339,3.063908116,4.937663245,5.148018484
Pre-demographic dividend,PRE,GDP growth (annual %),6.881243495,5.064370062,6.298283733,4.569072163,5.692376729,5.95055351,4.79880299,3.078247225,3.086084621,1.551410568,1.987983107
Puerto Rico,PRI,GDP growth (annual %),-1.84413425,-1.952425142,-0.413254118,-0.358510628,0.02927511,-0.306826657,-1.190363454,-1.049443651,-1.263002925,-2.65739342,-4.905626153
"Korea, Dem. Peopleâ€™s Rep.",PRK,GDP growth (annual %),,,,,,,,,,,
Portugal,PRT,GDP growth (annual %),0.319247504,-3.122079079,1.73762581,-1.696165744,-4.057293817,-0.922644348,0.792191109,1.792046276,2.019485117,3.506345458,2.441266929
Paraguay,PRY,GDP growth (annual %),6.359120793,-0.257971434,11.14373579,4.249111045,-0.538512943,8.417495285,4.860890371,3.080374008,4.31290497,4.958051422,3.676623231
West Bank and Gaza,PSE,GDP growth (annual %),6.079293326,8.662535025,8.099089262,12.4136357,6.284235772,2.217422457,-0.181890997,3.428732254,4.708435256,3.14023678,0.905278232
Pacific island small states,PSS,GDP growth (annual %),1.831107649,-1.28787054,2.922925904,3.872346736,1.106296557,2.957804848,3.811361768,4.073696748,3.293138371,4.006069062,2.654473872
Post-demographic dividend,PST,GDP growth (annual %),0.222663317,-3.481274694,2.828632776,1.597082434,1.121479885,1.337298888,1.868999755,2.108656606,1.642459664,2.309646212,2.154738493
French Polynesia,PYF,GDP growth (annual %),,,,,,,,,,,
Qatar,QAT,GDP growth (annual %),17.66355638,11.95656114,19.59233153,13.37517641,4.687259177,4.410274619,3.978882147,3.657510261,2.131310916,1.579850253,1.493339993
Romania,ROU,GDP growth (annual %),9.307467171,-5.517394408,-3.90123628,2.007156244,2.077165007,3.514551804,3.4108091,3.871522323,4.800799906,7.111440633,3.953810542
Russian Federation,RUS,GDP growth (annual %),5.199969265,-7.799993913,4.5,4.300029186,3.700057055,1.80000014,0.699973678,-2.307706889,0.329280658,1.630185732,2.254804346
Rwanda,RWA,GDP growth (annual %),11.16125645,6.248238534,7.334655197,7.958358401,8.641557937,4.719830067,6.164100614,8.867939164,5.981332722,6.116655837,8.606705998
South Asia,SAS,GDP growth (annual %),3.237691099,7.134032162,7.703421078,5.137558062,5.501942162,6.087500816,6.99255791,7.480317555,7.706871473,6.926782565,6.662698102
Saudi Arabia,SAU,GDP growth (annual %),6.249772755,-2.059268194,5.039493675,9.996857794,5.411444902,2.699254721,3.652481701,4.106408869,1.670624757,-0.741502652,2.434110778
Sudan,SDN,GDP growth (annual %),7.801963334,3.241847572,3.469335093,-1.967728979,0.521559267,4.394711132,2.679411813,4.906045175,4.700000042,4.283071004,-2.320827321
Senegal,SEN,GDP growth (annual %),4.056375727,2.092527084,3.56274539,1.458388671,5.117394237,2.82210565,6.613074742,6.367263427,6.356396792,7.082922291,6.766293824
Singapore,SGP,GDP growth (annual %),1.868212395,0.12100381,14.52564666,6.262267762,4.449315805,4.815045038,3.900573228,2.892499228,2.962327259,3.699781577,3.139464543
Solomon Islands,SLB,GDP growth (annual %),7.106270238,-4.738346526,6.809045009,13.19563215,4.555394769,3.017849554,2.250090947,2.542239607,3.2209476,3.693618195,3.85471177
Sierra Leone,SLE,GDP growth (annual %),5.39828521,3.188051216,5.346466052,6.315045036,15.18176908,20.71576829,4.556772366,-20.59877072,6.055474029,4.211182649,3.446162621
El Salvador,SLV,GDP growth (annual %),2.570846686,-2.086120492,2.104283203,3.817056396,2.815501822,2.232142857,1.710709945,2.398973133,2.50702399,2.306557031,2.538949798
San Marino,SMR,GDP growth (annual %),1.650165017,-12.82467532,-4.655493482,-9.440104167,-7.54852624,-3.032659409,-0.9,0.6,2.2,1.5,
Somalia,SOM,GDP growth (annual %),,,,,,,,,,,
Serbia,SRB,GDP growth (annual %),5.655577865,-2.731753651,0.731043344,2.036275789,-0.681539139,2.892634162,-1.589509134,1.776324024,3.340332014,2.049304766,4.392237239
Sub-Saharan Africa (excluding high income),SSA,GDP growth (annual %),5.364064759,3.044091206,5.581162397,4.446132166,4.046876655,5.003320365,4.659037567,2.826280926,1.230901169,2.529799209,2.386729268
South Sudan,SSD,GDP growth (annual %),,5.04164188,5.493416395,-4.640316736,-46.08212237,13.12973114,3.373648282,-10.79336462,,,
Sub-Saharan Africa,SSF,GDP growth (annual %),5.358058508,3.041041724,5.581426061,4.448567999,4.044836331,5.004043623,4.658926564,2.82779789,1.233311881,2.531170144,2.387689382
Small states,SST,GDP growth (annual %),6.260092543,0.82840615,7.059474214,6.482214814,3.167832405,2.57621335,2.538549834,2.674040572,1.866912465,1.921993465,2.026380052
Sao Tome and Principe,STP,GDP growth (annual %),8.186171817,2.426281345,6.67198532,4.398201685,3.141975852,4.814794386,6.5499331,3.798398936,4.172377734,3.871185947,2.657693757
Suriname,SUR,GDP growth (annual %),4.143406525,3.01369863,5.168825162,5.849367784,2.690350057,2.93344123,0.255503145,-3.411095864,-5.561193424,1.687083602,1.9
Slovak Republic,SVK,GDP growth (annual %),5.57488636,-5.455532237,5.720844799,2.864442948,1.895810812,0.670844582,2.752434331,4.821918506,2.123463221,3.04072834,4.033703043
Slovenia,SVN,GDP growth (annual %),3.509841226,-7.54843872,1.343748476,0.861329049,-2.639438729,-1.029283831,2.76815802,2.210081624,3.121699782,4.833382913,4.118217859
Sweden,SWE,GDP growth (annual %),-0.242293278,-4.236420514,6.189029435,3.052323529,-0.630974367,1.0878312,2.747287716,4.420799639,2.413038141,2.411851453,2.225238612
Eswatini,SWZ,GDP growth (annual %),0.821663887,1.565048937,3.793754698,2.247230019,5.391309223,3.862271875,0.913196469,2.312465693,1.26829648,2.024962849,2.35100982
Sint Maarten (Dutch part),SXM,GDP growth (annual %),,,3.199994022,4.600002996,1.39054667,1.306727883,1.580384638,0.50906595,0.43250626,-8.425883953,
Seychelles,SYC,GDP growth (annual %),-2.146892655,-1.105245793,5.954962469,7.887279597,1.260828834,6.018076825,4.504785244,4.937385619,4.503032666,4.332388099,3.627351583
Syrian Arab Republic,SYR,GDP growth (annual %),,,,,,,,,,,
Turks and Caicos Islands,TCA,GDP growth (annual %),,,,,-2.53,1.36532085,6.70368436,5.941270828,4.399701715,4.275465839,5.282085494
Chad,TCD,GDP growth (annual %),3.052691532,4.217695552,13.55010086,0.082869798,8.882576072,5.700001363,6.899985045,2.767675685,-6.255527085,-2.988695986,2.641330034
East Asia & Pacific (IDA & IBRD countries),TEA,GDP growth (annual %),8.433063436,7.695165525,9.777122509,8.46886488,7.509363926,7.201447082,6.75958177,6.510313989,6.375400215,6.471667805,6.295084971
Europe & Central Asia (IDA & IBRD countries),TEC,GDP growth (annual %),4.353246883,-4.871824406,4.764966355,5.801178804,3.335318035,3.632127924,2.343168585,1.238421911,1.949088533,4.144555362,3.151379091
Togo,TGO,GDP growth (annual %),4.062252828,5.537910972,6.099259161,6.398199052,6.543507031,6.112343078,5.920588571,5.742868453,5.559079306,4.357413915,4.91014754
Thailand,THA,GDP growth (annual %),1.725667908,-0.690733346,7.513590658,0.839959472,7.242786605,2.687379919,0.984414064,3.133896962,3.356488872,4.024085781,4.129226103
Tajikistan,TJK,GDP growth (annual %),7.910529533,3.89282113,6.520680751,7.400640543,7.486175224,7.400081256,6.705968168,6.008287872,6.872963797,7.617492691,7.300000287
Turkmenistan,TKM,GDP growth (annual %),14.7,6.100000115,9.199999988,14.69999993,11.09999996,10.2000001,10.29999997,6.49999991,6.199999966,6.500000047,6.199999941
Latin America & the Caribbean (IDA & IBRD countries),TLA,GDP growth (annual %),4.066514005,-1.899899153,6.046729136,4.523372641,2.849670041,2.828033922,1.039305606,-0.41304292,-1.503127684,0.733141366,0.562073763
Timor-Leste,TLS,GDP growth (annual %),9.923218296,-6.041630271,-1.172063132,11.45790791,5.023124781,-11.086221,-25.90717227,20.62560288,0.706713575,-9.153987748,2.813982292
Middle East & North Africa (IDA & IBRD countries),TMN,GDP growth (annual %),3.513155238,2.514080311,5.248076032,-1.01823439,2.781192961,1.662708893,2.112850252,0.958014158,7.725701591,2.886201364,
Tonga,TON,GDP growth (annual %),3.099519869,2.290612704,3.585657371,2.785145889,0.890322581,-3.120603658,2.072607261,3.71184687,3.37947375,2.7,0.299994245
South Asia (IDA & IBRD),TSA,GDP growth (annual %),3.237691099,7.134032162,7.703421078,5.137558062,5.501942162,6.087500816,6.99255791,7.480317555,7.706871473,6.926782565,6.662698102
Sub-Saharan Africa (IDA & IBRD countries),TSS,GDP growth (annual %),5.358058508,3.041041724,5.581426061,4.448567999,4.044836331,5.004043623,4.658926564,2.82779789,1.233311881,2.531170144,2.387689382
Trinidad and Tobago,TTO,GDP growth (annual %),3.391737078,-4.391729247,3.32322471,-0.294354409,1.269964365,2.229074805,-0.912544969,1.823184697,-6.296446956,-2.312115621,-0.245213697
Tunisia,TUN,GDP growth (annual %),4.237776836,3.043448955,3.510608639,-1.91717768,3.997674002,2.875523842,2.971398345,1.194541753,1.262528588,1.824675328,2.482826838
Turkey,TUR,GDP growth (annual %),0.845251454,-4.70446591,8.487372139,11.11349557,4.789940281,8.491309299,5.166690718,6.085886616,3.183831547,7.470866886,2.82677612
Tuvalu,TUV,GDP growth (annual %),7.983260905,-4.432851394,-2.729427912,7.515954206,-3.835748821,4.576823704,1.348012682,9.142893933,3.034723153,4.094017717,2.5
Tanzania,TZA,GDP growth (annual %),5.68641686,5.269105248,6.336523427,7.672155435,4.50015356,6.781585601,6.732461868,6.160628774,6.867116196,6.785680114,5.444967632
Uganda,UGA,GDP growth (annual %),8.708751901,6.801517348,5.637599803,9.391667749,3.837455606,3.586905826,5.106307324,5.187859863,4.781000291,3.863023757,6.152354913
Ukraine,UKR,GDP growth (annual %),2.304028779,-14.75854536,3.834387699,5.465531905,0.238681306,-0.026729649,-6.552618891,-9.772973947,2.440994738,2.466053452,3.335489309
Upper middle income,UMC,GDP growth (annual %),5.858251614,1.519047794,7.516105898,6.243945066,5.105976581,4.969435995,4.047585816,3.201127279,3.471526912,4.314281962,3.966925346
Uruguay,URY,GDP growth (annual %),7.176144661,4.243494195,7.803409655,5.162133022,3.538178722,4.63753863,3.238791229,0.370741256,1.689798162,2.591338692,1.620083629
United States,USA,GDP growth (annual %),-0.136579805,-2.536757066,2.563766559,1.550835506,2.249545852,1.842081071,2.451973035,2.880910466,1.56721517,2.21701033,2.927322728
Uzbekistan,UZB,GDP growth (annual %),9.029161017,8.050933328,7.597167961,7.784829533,7.375643784,7.584581465,7.179408857,7.447673769,6.094196403,4.461539733,5.122118113
St. Vincent and the Grenadines,VCT,GDP growth (annual %),1.584471793,-2.099061259,-3.35352589,-0.419351482,1.382420411,1.832791965,1.21403892,1.330275498,1.897440944,1.000357879,2.163128944
"Venezuela, RB",VEN,GDP growth (annual %),5.277854124,-3.202302657,-1.488791251,4.176425359,5.625956975,1.343094036,-3.894386475,-6.221371027,-17.0403346,-15.67140887,-19.62145259
British Virgin Islands,VGB,GDP growth (annual %),,,,,,,,,,,
Virgin Islands (U.S.),VIR,GDP growth (annual %),0.941704036,-6.64149267,0.904116108,-8.158453195,-15.01925546,-5.83081571,-0.866217517,0.194174757,0.904392765,-1.696542894,
Vietnam,VNM,GDP growth (annual %),5.661771208,5.397897543,6.423238217,6.240302749,5.247367156,5.421882991,5.983654637,6.679288789,6.210811668,6.81224566,7.075788617
Vanuatu,VUT,GDP growth (annual %),6.448521358,3.312815802,1.629081596,1.223225535,1.754749927,1.96914608,2.331006215,0.2,3.5,4.4,3.2
World,WLD,GDP growth (annual %),1.850561496,-1.678924932,4.298922592,3.132980919,2.507634092,2.65436272,2.833185684,2.80594404,2.481500646,3.108815417,2.973629191
Samoa,WSM,GDP growth (annual %),1.009086658,-4.8082722,0.479158713,4.173394085,-4.088722796,-0.41884506,0.078245449,4.272189487,8.054157728,1.015561822,-2.168099125
Kosovo,XKX,GDP growth (annual %),2.642619224,3.597140955,3.308633011,4.377008308,2.809625684,3.441469102,1.222802578,4.095280929,4.070291964,4.226087389,3.813313541
"Yemen, Rep.",YEM,GDP growth (annual %),3.64756947,3.866229516,7.70230704,-12.7148969,2.392990209,4.823519067,-0.188690232,-16.67846313,-13.62145844,-5.942319504,-2.701474865
South Africa,ZAF,GDP growth (annual %),3.191046741,-1.538089334,3.039730814,3.284168142,2.213354808,2.4852005,1.846991604,1.193732801,0.39908793,1.414512626,0.78705557
Zambia,ZMB,GDP growth (annual %),7.773895815,9.220348406,10.29820585,5.564624717,7.597616969,5.059376378,4.695826373,2.91988111,3.757177805,3.403168851,3.794900917
Zimbabwe,ZWE,GDP growth (annual %),-17.66894629,12.01955993,19.67532314,14.19391296,16.66542877,1.989492762,2.376929327,1.779872703,0.755869251,4.704035348,6.159189798
